Date,Close/Last,Volume,Open,High,Low
05/01/2018,3.0375,96325,3.0705,3.085,3.0195
05/02/2018,3.0685,90746,3.051,3.088,3.0475
05/03/2018,3.0805,109452,3.0635,3.1215,3.0565
05/04/2018,3.0855,80279,3.0915,3.105,3.053
05/07/2018,3.079,56350,3.085,3.1045,3.0625
05/08/2018,3.059,128171,3.0735,3.091,3.014
05/09/2018,3.0575,80603,3.0685,3.0695,3.04
05/10/2018,3.11,111453,3.061,3.118,3.052
05/11/2018,3.1115,77186,3.1095,3.1265,3.1015
05/14/2018,3.093,79465,3.111,3.131,3.0765
05/15/2018,3.056,101035,3.088,3.103,3.0345
05/16/2018,3.0705,76030,3.0605,3.08,3.044
05/17/2018,3.089,78752,3.078,3.101,3.069
05/18/2018,3.0635,73692,3.0835,3.091,3.0555
05/21/2018,3.0985,87680,3.065,3.1115,3.065
05/22/2018,3.132,111072,3.1005,3.1485,3.088
05/23/2018,3.0705,122658,3.122,3.132,3.0485
05/24/2018,3.096,84073,3.069,3.1025,3.066
05/25/2018,3.0775,45251,3.081,3.093,3.03
05/29/2018,3.0625,159144,3.068,3.1135,3.03
05/30/2018,3.069,129902,3.055,3.0765,3.01
05/31/2018,3.065,112174,3.0715,3.092,3.046
06/01/2018,3.0985,104093,3.063,3.1,3.056
06/04/2018,3.1345,112090,3.098,3.142,3.09
06/05/2018,3.1985,173859,3.138,3.25,3.1235
06/06/2018,3.262,168925,3.212,3.274,3.193
06/07/2018,3.275,188423,3.2675,3.3155,3.2575
06/08/2018,3.3,145528,3.265,3.305,3.247
06/11/2018,3.257,120048,3.2995,3.3035,3.2445
06/12/2018,3.2495,93402,3.2525,3.2685,3.2335
06/13/2018,3.254,108283,3.2455,3.2715,3.224
06/14/2018,3.222,102248,3.256,3.256,3.1865
06/15/2018,3.1445,118834,3.201,3.218,3.131
06/18/2018,3.1065,94798,3.136,3.1515,3.0965
06/19/2018,3.07,55940,3.1465,3.1555,3.06
06/20/2018,3.062,57454,3.06,3.091,3.0435
06/21/2018,3.0435,49523,3.059,3.075,3.041
06/22/2018,3.049,44785,3.049,3.0685,3.037
06/25/2018,3.0095,60928,3.065,3.067,2.991
06/26/2018,3.0155,75634,3.0075,3.0215,2.998
06/27/2018,3.0075,84227,3.02,3.027,2.9845
06/28/2018,2.9715,110952,2.998,3.004,2.9515
06/29/2018,2.966,83920,2.97,2.997,2.958
07/02/2018,2.944,89273,2.9695,2.973,2.921
07/03/2018,2.917,88083,2.935,2.9405,2.837
07/05/2018,2.826,206352,2.863,2.9405,2.8205
07/06/2018,2.824,127452,2.8305,2.839,2.7825
07/09/2018,2.85,113677,2.8235,2.877,2.815
07/10/2018,2.8395,96741,2.87,2.8805,2.8135
07/11/2018,2.7435,163700,2.83,2.8305,2.717
07/12/2018,2.777,108851,2.7505,2.792,2.731
07/13/2018,2.7755,89262,2.776,2.7885,2.7495
07/16/2018,2.757,516,2.7735,2.779,2.74
07/17/2018,2.747,89898,2.7655,2.7995,2.7415
07/18/2018,2.76,105201,2.7445,2.771,2.7155
07/19/2018,2.6955,145129,2.7655,2.7785,2.6735
07/20/2018,2.756,117196,2.7175,2.761,2.6825
07/23/2018,2.737,498,2.7485,2.749,2.73
07/24/2018,2.8105,140966,2.742,2.835,2.7335
07/25/2018,2.8175,101224,2.804,2.867,2.7935
07/26/2018,2.804,417,2.842,2.842,2.789
07/27/2018,2.802,81665,2.8075,2.835,2.781
07/30/2018,2.792,96908,2.8035,2.8095,2.7585
07/31/2018,2.8315,117304,2.795,2.8415,2.769
08/01/2018,2.7475,123575,2.8255,2.8285,2.726
08/02/2018,2.727,409,2.73,2.735,2.708
08/03/2018,2.7635,112474,2.7265,2.784,2.709
08/06/2018,2.721,384,2.74,2.74,2.7005
08/07/2018,2.752,85044,2.7255,2.767,2.7225
08/08/2018,2.751,92579,2.753,2.7735,2.736
08/09/2018,2.7655,110730,2.7555,2.818,2.7505
08/10/2018,2.7425,91560,2.764,2.7745,2.731
08/13/2018,2.731,98481,2.7385,2.7565,2.713
08/14/2018,2.6755,617,2.681,2.681,2.6745
08/15/2018,2.56,174675,2.685,2.689,2.552
08/16/2018,2.6165,161058,2.583,2.643,2.564
08/17/2018,2.6475,106053,2.606,2.669,2.5985
08/20/2018,2.686,25989,2.6765,2.7005,2.66
08/21/2018,2.7115,24981,2.682,2.721,2.682
08/22/2018,2.6935,34298,2.704,2.71,2.67
08/23/2018,2.6775,46684,2.6875,2.6885,2.635
08/24/2018,2.723,45350,2.668,2.739,2.6645
08/27/2018,2.732,32965,2.723,2.742,2.716
08/28/2018,2.734,237,2.74,2.7425,2.7215
08/29/2018,2.7365,72466,2.7445,2.7575,2.7195
08/30/2018,2.7175,110808,2.731,2.7405,2.684
08/31/2018,2.671,44132,2.6675,2.68,2.6525
09/04/2018,2.602,158411,2.655,2.68,2.58
09/05/2018,2.61,84262,2.6025,2.6215,2.591
09/06/2018,2.6365,94246,2.62,2.672,2.6105
09/07/2018,2.6225,94807,2.6355,2.6525,2.5935
09/10/2018,2.628,71148,2.6115,2.6365,2.6025
09/11/2018,2.6215,99779,2.624,2.6615,2.582
09/12/2018,2.676,117003,2.622,2.6885,2.6065
09/13/2018,2.683,103925,2.685,2.7175,2.673
09/14/2018,2.646,91149,2.6765,2.699,2.6075
09/17/2018,2.651,76837,2.615,2.6575,2.606
09/18/2018,2.7305,141863,2.6505,2.74,2.588
09/19/2018,2.71,81,2.7225,2.723,2.7065
09/20/2018,2.74,82038,2.727,2.78,2.7065
09/21/2018,2.8575,155109,2.762,2.871,2.752
09/24/2018,2.836,90130,2.8415,2.867,2.8225
09/25/2018,2.8235,112625,2.824,2.848,2.789
09/26/2018,2.828,84455,2.823,2.842,2.8125
09/27/2018,2.7645,1453,2.7985,2.8005,2.7515
09/28/2018,2.805,95511,2.774,2.813,2.763
10/01/2018,2.7875,90561,2.801,2.8225,2.7555
10/02/2018,2.8065,99534,2.7845,2.8525,2.76
10/03/2018,2.834,78195,2.8,2.8395,2.7965
10/04/2018,2.7775,96735,2.823,2.8665,2.7715
10/05/2018,2.763,87293,2.7895,2.7945,2.7455
10/08/2018,2.755,351,2.736,2.738,2.732
10/09/2018,2.8065,100792,2.7685,2.8185,2.7505
10/10/2018,2.7805,96289,2.814,2.82,2.741
10/11/2018,2.803,149297,2.749,2.816,2.713
10/12/2018,2.8005,97071,2.7755,2.8325,2.7745
10/15/2018,2.7805,82,2.801,2.8305,2.7815
10/16/2018,2.7795,75806,2.7795,2.793,2.758
10/17/2018,2.778,95652,2.7815,2.8045,2.754
10/18/2018,2.7465,101051,2.775,2.782,2.726
10/19/2018,2.778,87210,2.7325,2.788,2.728
10/22/2018,2.7855,83920,2.777,2.8335,2.7725
10/23/2018,2.758,88299,2.778,2.785,2.739
10/24/2018,2.7575,80293,2.761,2.804,2.743
10/25/2018,2.7545,93870,2.747,2.7735,2.7155
10/26/2018,2.741,98566,2.7525,2.754,2.7075
10/29/2018,2.7405,81831,2.747,2.78,2.69
10/30/2018,2.664,106817,2.7085,2.733,2.6615
10/31/2018,2.659,93013,2.673,2.6805,2.646
11/01/2018,2.7215,100263,2.6545,2.7275,2.6425
11/02/2018,2.807,161876,2.7205,2.82,2.702
11/05/2018,2.756,93232,2.82,2.8235,2.745
11/06/2018,2.7325,72337,2.7525,2.777,2.724
11/07/2018,2.7545,75854,2.73,2.773,2.728
11/08/2018,2.736,79547,2.741,2.748,2.703
11/09/2018,2.6845,82525,2.7295,2.7315,2.677
11/12/2018,2.678,33,2.678,2.678,2.678
11/13/2018,2.687,228,2.72,2.72,2.68
11/14/2018,2.71,74018,2.6835,2.722,2.664
11/15/2018,2.7465,79518,2.711,2.766,2.703
11/16/2018,2.81,31983,2.761,2.8135,2.7485
11/19/2018,2.8065,32334,2.7975,2.8155,2.7705
11/20/2018,2.7765,48196,2.806,2.848,2.75
11/21/2018,2.7945,88,2.7565,2.786,2.7565
11/23/2018,2.7855,34370,2.8135,2.815,2.765
11/26/2018,2.773,36375,2.774,2.7985,2.756
11/27/2018,2.726,57122,2.764,2.7695,2.725
11/28/2018,2.8135,63425,2.7355,2.82,2.7355
11/29/2018,2.7895,62538,2.809,2.8135,2.779
11/30/2018,2.7875,56070,2.7895,2.801,2.7685
12/03/2018,2.8095,86779,2.85,2.858,2.7875
12/04/2018,2.759,77807,2.795,2.823,2.75
12/05/2018,2.774,42002,2.7595,2.7775,2.745
12/06/2018,2.743,72495,2.771,2.771,2.708
12/07/2018,2.7595,54113,2.7505,2.775,2.742
12/10/2018,2.72,54023,2.7365,2.7545,2.715
12/11/2018,2.767,65871,2.733,2.7805,2.726
12/12/2018,2.77,50051,2.763,2.779,2.7555
12/13/2018,2.767,58347,2.767,2.8035,2.763
12/14/2018,2.7625,57001,2.768,2.77,2.728
12/17/2018,2.7545,49486,2.7535,2.7595,2.7195
12/18/2018,2.6645,87570,2.743,2.7525,2.6515
12/19/2018,2.716,66781,2.6545,2.7195,2.654
12/20/2018,2.6965,68261,2.677,2.71,2.65
12/21/2018,2.674,49483,2.701,2.712,2.664
12/24/2018,2.661,37251,2.6675,2.681,2.65
12/26/2018,2.7,40288,2.671,2.728,2.642
12/27/2018,2.668,45579,2.702,2.707,2.658
12/28/2018,2.6815,52666,2.6815,2.7255,2.671
12/31/2018,2.631,41458,2.678,2.7035,2.6245
01/02/2019,2.623,82603,2.642,2.675,2.5945
01/03/2019,2.568,86854,2.6015,2.6205,2.543
01/04/2019,2.6475,81788,2.576,2.655,2.567
01/07/2019,2.637,55254,2.65,2.6595,2.6315
01/08/2019,2.656,62414,2.638,2.658,2.6235
01/09/2019,2.657,74189,2.6515,2.6865,2.6485
01/10/2019,2.6375,67083,2.66,2.6705,2.629
01/11/2019,2.662,63358,2.635,2.667,2.6335
01/14/2019,2.6455,125,2.638,2.6405,2.6355
01/15/2019,2.6345,64095,2.63,2.664,2.63
01/16/2019,2.6735,70373,2.641,2.68,2.636
01/17/2019,2.68,64522,2.6715,2.712,2.6585
01/18/2019,2.719,32026,2.715,2.7155,2.675
01/22/2019,2.6595,90479,2.6805,2.7155,2.6505
01/23/2019,2.6545,57619,2.663,2.6765,2.648
01/24/2019,2.6445,57698,2.6535,2.664,2.6345
01/25/2019,2.729,91023,2.645,2.737,2.6445
01/28/2019,2.68,75038,2.733,2.7335,2.676
01/29/2019,2.725,64481,2.6805,2.7255,2.6785
01/30/2019,2.7675,90767,2.721,2.7865,2.7165
01/31/2019,2.7845,75318,2.775,2.797,2.766
02/01/2019,2.773,62312,2.7825,2.7855,2.7535
02/04/2019,2.7945,59713,2.77,2.802,2.7505
02/05/2019,2.817,56965,2.8025,2.8245,2.797
02/06/2019,2.8365,57979,2.8175,2.848,2.813
02/07/2019,2.8285,69880,2.826,2.8505,2.822
02/08/2019,2.8105,56721,2.8335,2.838,2.806
02/11/2019,2.7915,146,2.795,2.797,2.785
02/12/2019,2.772,62239,2.7895,2.796,2.7575
02/13/2019,2.774,175,2.7735,2.778,2.7695
02/14/2019,2.774,72147,2.778,2.802,2.7535
02/15/2019,2.8035,12771,2.8165,2.851,2.807
02/19/2019,2.878,54833,2.839,2.881,2.807
02/20/2019,2.9205,58212,2.883,2.9255,2.8725
02/21/2019,2.8985,47208,2.922,2.922,2.89
02/22/2019,2.948,50389,2.9065,2.952,2.8955
02/25/2019,2.949,60490,2.9495,2.9775,2.941
02/26/2019,2.9505,76317,2.953,2.963,2.937
02/27/2019,2.959,12126,2.944,2.9715,2.928
02/28/2019,2.948,67136,2.967,2.968,2.939
03/01/2019,2.932,74438,2.9435,2.977,2.9225
03/04/2019,2.909,69151,2.933,2.955,2.8965
03/05/2019,2.9335,59971,2.911,2.9515,2.9075
03/06/2019,2.9185,50615,2.9345,2.9445,2.9155
03/07/2019,2.9105,58299,2.9265,2.929,2.8945
03/08/2019,2.8935,64498,2.9145,2.9185,2.8745
03/11/2019,2.901,41788,2.8915,2.9115,2.884
03/12/2019,2.9275,334,2.912,2.951,2.911
03/13/2019,2.9355,48078,2.9295,2.9395,2.9135
03/14/2019,2.8885,464,2.9295,2.9295,2.88
03/15/2019,2.906,68987,2.889,2.9245,2.884
03/18/2019,2.909,58044,2.9095,2.9325,2.899
03/19/2019,2.923,61642,2.9125,2.944,2.908
03/20/2019,2.9155,300,2.9145,2.934,2.905
03/21/2019,2.906,90411,2.9275,2.969,2.892
03/22/2019,2.8425,100267,2.9105,2.915,2.8395
03/25/2019,2.8565,66220,2.843,2.8595,2.8345
03/26/2019,2.854,61354,2.8565,2.867,2.846
03/27/2019,2.863,57108,2.863,2.8755,2.8435
03/28/2019,2.8725,59542,2.862,2.888,2.853
03/29/2019,2.936,81100,2.88,2.9445,2.878
04/01/2019,2.9245,81461,2.9415,2.9885,2.9155
04/02/2019,2.9055,55234,2.929,2.935,2.897
04/03/2019,2.9485,64749,2.9095,2.953,2.905
04/04/2019,2.91,68187,2.943,2.9525,2.9035
04/05/2019,2.8945,52542,2.916,2.9255,2.8865
04/08/2019,2.9295,37,2.9125,2.932,2.9125
04/09/2019,2.934,62547,2.934,2.962,2.927
04/10/2019,2.9255,60436,2.9325,2.9425,2.911
04/11/2019,2.887,66863,2.9235,2.926,2.8835
04/12/2019,2.946,84673,2.8945,2.9565,2.893
04/15/2019,2.935,58765,2.9455,2.9475,2.9165
04/16/2019,2.939,17848,2.942,2.9555,2.932
04/17/2019,2.9735,34111,2.942,3.001,2.9385
04/18/2019,2.9265,29293,2.9675,2.97,2.9115
04/22/2019,2.908,26131,2.934,2.9385,2.9
04/23/2019,2.9,42197,2.91,2.9205,2.885
04/24/2019,2.916,35230,2.903,2.9215,2.8935
04/25/2019,2.8675,58693,2.916,2.924,2.8625
04/26/2019,2.894,54747,2.8655,2.898,2.8645
04/29/2019,2.897,69889,2.8935,2.907,2.873
04/30/2019,2.9015,1442,2.8895,2.919,2.877
05/01/2019,2.8015,109944,2.9075,2.9135,2.7865
05/02/2019,2.7795,79700,2.793,2.8065,2.7715
05/03/2019,2.819,78775,2.782,2.833,2.775
05/06/2019,2.8295,88256,2.799,2.8485,2.7415
05/07/2019,2.7855,100605,2.8275,2.841,2.7755
05/08/2019,2.7745,92715,2.7875,2.81,2.76
05/09/2019,2.7715,85607,2.7695,2.778,2.731
05/10/2019,2.7745,90232,2.7675,2.797,2.756
05/13/2019,2.719,76879,2.768,2.7735,2.709
05/14/2019,2.725,61546,2.72,2.738,2.714
05/15/2019,2.743,67205,2.7225,2.7525,2.7155
05/16/2019,2.748,59692,2.7465,2.7775,2.738
05/17/2019,2.7385,54592,2.748,2.753,2.721
05/20/2019,2.726,46208,2.7325,2.7505,2.712
05/21/2019,2.715,58997,2.7275,2.7425,2.7055
05/22/2019,2.678,65002,2.715,2.719,2.67
05/23/2019,2.6805,69108,2.6755,2.689,2.6545
05/24/2019,2.6995,13507,2.701,2.717,2.695
05/28/2019,2.696,60588,2.71,2.718,2.6885
05/29/2019,2.664,58510,2.696,2.698,2.6585
05/30/2019,2.6605,354,2.672,2.675,2.6435
05/31/2019,2.64,85222,2.6485,2.656,2.6295
06/03/2019,2.65,70436,2.6305,2.6645,2.611
06/04/2019,2.6735,70,2.661,2.675,2.6465
06/05/2019,2.623,71688,2.6665,2.6745,2.6205
06/06/2019,2.6505,61828,2.626,2.6555,2.622
06/07/2019,2.6275,85767,2.6465,2.661,2.5995
06/10/2019,2.6615,68822,2.6305,2.6665,2.6255
06/11/2019,2.6715,88177,2.6615,2.702,2.66
06/12/2019,2.654,62181,2.669,2.673,2.6375
06/13/2019,2.6565,83692,2.6505,2.662,2.632
06/14/2019,2.631,58108,2.6575,2.6655,2.6275
06/17/2019,2.6465,28408,2.633,2.6555,2.6165
06/18/2019,2.7025,41531,2.6535,2.711,2.643
06/19/2019,2.6805,44778,2.705,2.7085,2.6745
06/20/2019,2.712,39238,2.7,2.7375,2.694
06/21/2019,2.704,43797,2.722,2.7235,2.686
06/24/2019,2.705,38562,2.705,2.712,2.6815
06/25/2019,2.735,57437,2.71,2.746,2.6995
06/26/2019,2.711,301,2.7285,2.729,2.704
06/27/2019,2.7165,69519,2.7135,2.728,2.7
06/28/2019,2.7055,51617,2.721,2.728,2.7025
07/01/2019,2.6795,1728,2.738,2.746,2.671
07/02/2019,2.664,64831,2.688,2.6965,2.6555
07/03/2019,2.683,16846,2.6845,2.6875,2.6695
07/05/2019,2.661,66334,2.678,2.6875,2.6445
07/08/2019,2.659,56450,2.6695,2.689,2.6545
07/09/2019,2.625,74241,2.6575,2.659,2.612
07/10/2019,2.694,83259,2.628,2.6995,2.625
07/11/2019,2.6875,60433,2.689,2.698,2.6785
07/12/2019,2.694,55526,2.688,2.7145,2.6725
07/15/2019,2.711,58059,2.6975,2.728,2.6855
07/16/2019,2.7,65370,2.715,2.7355,2.694
07/17/2019,2.71,280,2.6935,2.7075,2.6825
07/18/2019,2.71,50663,2.701,2.7205,2.6925
07/19/2019,2.7525,130349,2.7195,2.803,2.715
07/22/2019,2.722,65058,2.753,2.7595,2.718
07/23/2019,2.7,62956,2.716,2.73,2.6875
07/24/2019,2.712,47805,2.706,2.7205,2.698
07/25/2019,2.7035,61776,2.7115,2.7385,2.7
07/26/2019,2.685,224,2.6845,2.6875,2.6785
07/29/2019,2.7175,53410,2.6905,2.721,2.6815
07/30/2019,2.6785,59173,2.7185,2.7265,2.675
07/31/2019,2.666,66048,2.6775,2.691,2.6575
08/01/2019,2.6655,75928,2.6595,2.668,2.619
08/02/2019,2.5715,97357,2.6195,2.6275,2.56
08/05/2019,2.537,104,2.5415,2.5505,2.537
08/06/2019,2.5575,72296,2.544,2.569,2.535
08/07/2019,2.565,177,2.56,2.583,2.5435
08/08/2019,2.6075,66185,2.5845,2.615,2.5715
08/09/2019,2.589,59899,2.597,2.6175,2.582
08/12/2019,2.585,66203,2.5975,2.612,2.568
08/13/2019,2.63,90025,2.582,2.6415,2.567
08/14/2019,2.592,68757,2.6305,2.635,2.5785
08/15/2019,2.595,59378,2.592,2.606,2.5745
08/16/2019,2.595,39977,2.5935,2.6065,2.585
08/19/2019,2.608,21348,2.601,2.632,2.596
08/20/2019,2.584,21086,2.6055,2.6095,2.577
08/21/2019,2.592,41325,2.583,2.597,2.5795
08/22/2019,2.5535,236,2.575,2.575,2.573
08/23/2019,2.5375,52886,2.567,2.5835,2.532
08/26/2019,2.55,42991,2.525,2.557,2.499
08/27/2019,2.553,62495,2.5445,2.577,2.5355
08/28/2019,2.5645,69424,2.5545,2.5745,2.5455
08/29/2019,2.5775,69468,2.569,2.597,2.553
08/30/2019,2.557,56850,2.575,2.5835,2.546
09/03/2019,2.528,105470,2.5305,2.5605,2.482
09/04/2019,2.595,73691,2.529,2.5975,2.5275
09/05/2019,2.642,94748,2.5905,2.649,2.5875
09/06/2019,2.6155,552,2.614,2.6245,2.602
09/09/2019,2.6275,45284,2.6315,2.633,2.6135
09/10/2019,2.628,54561,2.6275,2.643,2.6025
09/11/2019,2.6145,51270,2.623,2.638,2.6005
09/12/2019,2.6405,92874,2.618,2.668,2.59
09/13/2019,2.681,160,2.6265,2.6835,2.6265
09/16/2019,2.621,275,2.621,2.6215,2.621
09/17/2019,2.627,55245,2.6425,2.6475,2.606
09/18/2019,2.613,41752,2.625,2.638,2.5975
09/19/2019,2.6085,41056,2.613,2.624,2.6035
09/20/2019,2.59,277,2.593,2.6115,2.5695
09/23/2019,2.6115,60748,2.594,2.6195,2.5725
09/24/2019,2.5895,390,2.605,2.606,2.5855
09/25/2019,2.612,54820,2.604,2.615,2.587
09/26/2019,2.5775,50887,2.6115,2.6185,2.5735
09/27/2019,2.5975,57822,2.577,2.613,2.5705
09/30/2019,2.5785,47260,2.598,2.6185,2.5725
10/01/2019,2.5605,73579,2.574,2.577,2.515
10/02/2019,2.5615,194,2.5565,2.5615,2.5425
10/03/2019,2.5535,49923,2.566,2.582,2.5385
10/04/2019,2.5555,143,2.5325,2.5355,2.5325
10/07/2019,2.577,47416,2.58,2.58,2.571
10/08/2019,2.5635,118,2.574,2.574,2.56
10/09/2019,2.568,45518,2.5665,2.569,2.565
10/10/2019,2.6135,75052,2.569,2.62,2.5475
10/11/2019,2.628,70172,2.611,2.6385,2.606
10/14/2019,2.634,57966,2.6275,2.6345,2.594
10/15/2019,2.614,52573,2.632,2.6415,2.606
10/16/2019,2.5895,53350,2.6125,2.613,2.573
10/17/2019,2.5975,52510,2.587,2.6175,2.577
10/18/2019,2.625,185,2.586,2.6265,2.585
10/21/2019,2.6465,53101,2.6395,2.66,2.6305
10/22/2019,2.633,45141,2.645,2.6505,2.6295
10/23/2019,2.6715,74596,2.6355,2.6745,2.6145
10/24/2019,2.668,59517,2.669,2.6795,2.659
10/25/2019,2.6665,172,2.6775,2.6775,2.6775
10/28/2019,2.683,48189,2.685,2.689,2.6735
10/29/2019,2.6915,50458,2.6825,2.693,2.682
10/30/2019,2.6805,386,2.685,2.6865,2.675
10/31/2019,2.638,87972,2.681,2.6875,2.628
11/01/2019,2.651,571,2.636,2.656,2.63
11/04/2019,2.671,52206,2.6625,2.677,2.6535
11/05/2019,2.7005,91478,2.6655,2.7155,2.663
11/06/2019,2.665,61835,2.6825,2.685,2.6605
11/07/2019,2.724,303,2.7185,2.7185,2.7185
11/08/2019,2.678,46,2.698,2.698,2.679
11/11/2019,2.664,51477,2.683,2.69,2.656
11/12/2019,2.642,110,2.65,2.652,2.648
11/13/2019,2.6395,61585,2.635,2.6395,2.6335
11/14/2019,2.635,27365,2.6485,2.6695,2.628
11/15/2019,2.635,327,2.634,2.634,2.6335
11/18/2019,2.634,29258,2.652,2.6615,2.629
11/19/2019,2.6535,209,2.65,2.653,2.6425
11/20/2019,2.6465,121,2.647,2.65,2.647
11/21/2019,2.636,38663,2.659,2.659,2.6335
11/22/2019,2.659,36826,2.6375,2.6625,2.629
11/25/2019,2.662,43912,2.656,2.6815,2.648
11/26/2019,2.6975,47218,2.6605,2.6985,2.6525
11/27/2019,2.6745,23246,2.6755,2.6905,2.6645
11/29/2019,2.6615,70606,2.6715,2.7005,2.6535
12/02/2019,2.6505,62553,2.662,2.679,2.647
12/03/2019,2.608,1486,2.6325,2.636,2.605
12/04/2019,2.659,70718,2.6265,2.6665,2.6205
12/05/2019,2.663,44576,2.662,2.6765,2.6535
12/06/2019,2.711,495,2.6665,2.7365,2.653
12/09/2019,2.7585,93331,2.7455,2.762,2.72
12/10/2019,2.7555,395,2.75,2.757,2.746
12/11/2019,2.7895,76152,2.7935,2.794,2.7905
12/12/2019,2.7965,99303,2.8045,2.8145,2.803
12/13/2019,2.7805,476,2.815,2.82,2.762
12/16/2019,2.8115,61664,2.7865,2.8185,2.7815
12/17/2019,2.8135,57747,2.8095,2.8265,2.801
12/18/2019,2.8125,54147,2.81,2.8145,2.7875
12/19/2019,2.8315,201,2.82,2.831,2.816
12/20/2019,2.811,338,2.8315,2.8315,2.803
12/23/2019,2.8085,40144,2.807,2.8135,2.794
12/24/2019,2.8385,163,2.82,2.84,2.818
12/26/2019,2.849,32253,2.8375,2.8565,2.8255
12/27/2019,2.8295,51164,2.851,2.851,2.8145
12/30/2019,2.8335,45767,2.8255,2.838,2.819
12/31/2019,2.794,191,2.804,2.804,2.7995
01/02/2020,2.825,69169,2.8035,2.8295,2.794
01/03/2020,2.7985,62,2.7935,2.796,2.7895
01/06/2020,2.79,57901,2.765,2.7955,2.7645
01/07/2020,2.7935,57519,2.789,2.804,2.78
01/08/2020,2.812,74974,2.809,2.8095,2.806
01/09/2020,2.802,50861,2.808,2.819,2.7955
01/10/2020,2.8185,190,2.81,2.826,2.8015
01/13/2020,2.861,69869,2.8055,2.864,2.8055
01/14/2020,2.8735,72311,2.856,2.8745,2.8495
01/15/2020,2.866,53831,2.87,2.8705,2.8365
01/16/2020,2.847,72208,2.8625,2.886,2.8415
01/17/2020,2.8495,119,2.857,2.8575,2.851
01/21/2020,2.7985,176,2.809,2.8135,2.805
01/22/2020,2.765,70403,2.766,2.772,2.7635
01/23/2020,2.726,87452,2.768,2.7725,2.711
01/24/2020,2.6855,128,2.6795,2.68,2.679
01/27/2020,2.5965,115723,2.6675,2.673,2.5915
01/28/2020,2.5795,96589,2.5935,2.6085,2.5775
01/29/2020,2.554,84204,2.588,2.6065,2.553
01/30/2020,2.524,98356,2.562,2.5665,2.516
01/31/2020,2.52,421,2.528,2.53,2.509
02/03/2020,2.507,128522,2.49,2.5635,2.4875
02/04/2020,2.542,104690,2.5055,2.5725,2.5015
02/05/2020,2.5745,116027,2.547,2.6055,2.5425
02/06/2020,2.593,96243,2.5825,2.6225,2.5765
02/07/2020,2.559,66,2.561,2.563,2.555
02/10/2020,2.5505,89740,2.55,2.576,2.54
02/11/2020,2.5885,52,2.5875,2.5875,2.5875
02/12/2020,2.6,73322,2.582,2.61,2.58
02/13/2020,2.613,93988,2.602,2.6275,2.5815
02/14/2020,2.6055,47,2.609,2.6105,2.607
02/18/2020,2.61,154,2.618,2.63,2.6075
02/19/2020,2.614,45572,2.6145,2.6345,2.5845
02/20/2020,2.596,44454,2.6155,2.6315,2.586
02/21/2020,2.618,207,2.5995,2.6145,2.5995
02/24/2020,2.5835,60537,2.575,2.5825,2.5745
02/25/2020,2.582,59609,2.576,2.577,2.5615
02/26/2020,2.5735,70976,2.568,2.57,2.5645
02/27/2020,2.5715,109176,2.544,2.582,2.5255
02/28/2020,2.546,2006,2.5575,2.567,2.514
03/02/2020,2.601,729,2.536,2.6185,2.5145
03/03/2020,2.5795,792,2.62,2.63,2.5615
03/04/2020,2.586,57321,2.587,2.6,2.57
03/05/2020,2.5825,198,2.588,2.5935,2.573
03/06/2020,2.5605,96686,2.57,2.577,2.532
03/09/2020,2.5105,119368,2.535,2.535,2.4565
03/10/2020,2.534,408,2.4985,2.563,2.4985
03/11/2020,2.502,73099,2.541,2.542,2.4725
03/12/2020,2.4725,113690,2.4775,2.4845,2.428
03/13/2020,2.464,122941,2.443,2.532,2.4015
03/16/2020,2.3925,112502,2.51,2.5155,2.335
03/17/2020,2.3155,296,2.417,2.417,2.309
03/18/2020,2.151,102912,2.317,2.3415,2.111
03/19/2020,2.1855,98814,2.1625,2.199,1.9725
03/20/2020,2.1905,194,2.162,2.241,2.12
03/23/2020,2.1005,83099,2.1465,2.1465,2.0205
03/24/2020,2.1975,100,2.151,2.2315,2.151
03/25/2020,2.204,72730,2.1995,2.227,2.1495
03/26/2020,2.178,58757,2.204,2.2155,2.159
03/27/2020,2.197,76,2.19,2.19,2.19
03/30/2020,2.1555,48149,2.1465,2.175,2.1355
03/31/2020,2.24,244,2.1775,2.25,2.176
04/01/2020,2.1745,52812,2.216,2.222,2.1545
04/02/2020,2.2185,60473,2.172,2.236,2.1505
04/03/2020,2.21,147,2.2225,2.223,2.205
04/06/2020,2.235,80,2.213,2.239,2.213
04/07/2020,2.2725,79030,2.22,2.3175,2.2185
04/08/2020,2.26,63714,2.249,2.2875,2.2425
04/09/2020,2.2775,157,2.2835,2.2835,2.27
04/13/2020,2.3205,90,2.3365,2.357,2.334
04/14/2020,2.3295,59648,2.3155,2.3355,2.308
04/15/2020,2.309,15222,2.338,2.343,2.291
04/16/2020,2.3055,14604,2.31,2.3305,2.3
04/17/2020,2.3535,107,2.3475,2.359,2.347
04/20/2020,2.337,28446,2.3555,2.37,2.3125
04/21/2020,2.2645,51548,2.3235,2.337,2.217
04/22/2020,2.309,24781,2.282,2.311,2.234
04/23/2020,2.318,28607,2.301,2.3495,2.2895
04/24/2020,2.348,203,2.325,2.348,2.324
04/27/2020,2.345,32118,2.352,2.3805,2.324
04/28/2020,2.3455,35728,2.346,2.3725,2.33
04/29/2020,2.3745,2660,2.344,2.3955,2.334
04/30/2020,2.344,50117,2.377,2.395,2.335
05/01/2020,2.3185,368,2.347,2.347,2.2975
05/04/2020,2.3125,29503,2.305,2.322,2.284
05/05/2020,2.3325,37434,2.321,2.34,2.307
05/06/2020,2.347,43688,2.3325,2.3655,2.3185
05/07/2020,2.3805,50439,2.342,2.391,2.334
05/08/2020,2.4085,386,2.4025,2.4225,2.399
05/11/2020,2.38,57335,2.4095,2.43,2.367
05/12/2020,2.359,45862,2.384,2.3865,2.3305
05/13/2020,2.346,42131,2.3355,2.375,2.3325
05/14/2020,2.363,53191,2.353,2.365,2.314
05/15/2020,2.3335,101,2.356,2.356,2.332
05/18/2020,2.404,63035,2.3375,2.4285,2.334
05/19/2020,2.418,57962,2.4245,2.4385,2.4035
05/20/2020,2.4675,219,2.41,2.47,2.41
05/21/2020,2.432,54848,2.4605,2.468,2.422
05/22/2020,2.409,120,2.3925,2.413,2.39
05/26/2020,2.4185,69691,2.405,2.439,2.386
05/27/2020,2.382,72065,2.411,2.422,2.3585
05/28/2020,2.4135,59381,2.3875,2.4245,2.3835
05/29/2020,2.4265,108,2.407,2.447,2.407
06/01/2020,2.4705,80100,2.43,2.4775,2.4235
06/02/2020,2.491,59933,2.468,2.4975,2.459
06/03/2020,2.4875,52754,2.4935,2.505,2.475
06/04/2020,2.4895,53592,2.4835,2.503,2.455
06/05/2020,2.5555,91094,2.486,2.5715,2.481
06/08/2020,2.5655,69890,2.543,2.5865,2.5305
06/09/2020,2.599,80777,2.5795,2.606,2.5555
06/10/2020,2.6565,92543,2.6005,2.7,2.597
06/11/2020,2.602,27346,2.688,2.6935,2.5735
06/12/2020,2.6185,26418,2.593,2.6415,2.575
06/15/2020,2.5875,20337,2.61,2.6165,2.557
06/16/2020,2.588,25946,2.6005,2.637,2.56
06/17/2020,2.609,17892,2.587,2.6185,2.577
06/18/2020,2.6105,20592,2.6075,2.6465,2.5915
06/19/2020,2.628,26581,2.614,2.666,2.6105
06/22/2020,2.6625,25664,2.616,2.6695,2.6105
06/23/2020,2.6685,32200,2.664,2.6785,2.6295
06/24/2020,2.6575,36654,2.6655,2.6895,2.6395
06/25/2020,2.678,35331,2.6565,2.684,2.639
06/26/2020,2.679,49552,2.679,2.7145,2.6705
06/29/2020,2.6925,60518,2.67,2.7055,2.668
06/30/2020,2.7285,65525,2.721,2.7325,2.7195
07/01/2020,2.734,75937,2.7305,2.7585,2.7065
07/02/2020,2.7485,65246,2.759,2.769,2.7305
07/06/2020,2.7745,57155,2.7285,2.7925,2.7235
07/07/2020,2.797,60999,2.79,2.799,2.746
07/08/2020,2.824,58159,2.785,2.8255,2.785
07/09/2020,2.8385,77506,2.8285,2.8755,2.8235
07/10/2020,2.8975,80638,2.8425,2.917,2.8225
07/13/2020,2.955,103562,2.9195,2.993,2.8955
07/14/2020,2.9325,81810,2.928,2.94,2.9255
07/15/2020,2.885,85728,2.939,2.976,2.873
07/16/2020,2.9015,69395,2.894,2.906,2.845
07/17/2020,2.9045,48953,2.898,2.9175,2.88
07/20/2020,2.9155,58196,2.9065,2.944,2.8815
07/21/2020,2.958,50656,2.921,2.975,2.9195
07/22/2020,2.9245,71903,2.9635,2.982,2.8915
07/23/2020,2.9385,54639,2.9265,2.954,2.899
07/24/2020,2.8925,78017,2.9215,2.9305,2.8665
07/27/2020,2.8975,58827,2.8925,2.92,2.882
07/28/2020,2.9175,69289,2.909,2.94,2.879
07/29/2020,2.919,54905,2.9145,2.9435,2.895
07/30/2020,2.914,71781,2.934,2.936,2.8765
07/31/2020,2.868,76943,2.9205,2.9315,2.8465
08/03/2020,2.912,68247,2.8665,2.925,2.831
08/04/2020,2.8945,59546,2.9145,2.9185,2.875
08/05/2020,2.917,78064,2.906,2.9395,2.8875
08/06/2020,2.9105,64061,2.9165,2.927,2.886
08/07/2020,2.7925,126611,2.918,2.9025,2.783
08/10/2020,2.8615,103196,2.786,2.885,2.782
08/11/2020,2.8755,72402,2.864,2.8795,2.839
08/12/2020,2.912,26549,2.8705,2.9215,2.8285
08/13/2020,2.832,33189,2.9,2.913,2.796
08/14/2020,2.882,19952,2.821,2.8865,2.8155
08/17/2020,2.9225,17734,2.889,2.9375,2.868
08/18/2020,2.9915,34556,2.9265,2.998,2.9075
08/19/2020,3.038,39590,2.988,3.0445,2.9825
08/20/2020,2.9915,34847,3.013,3.016,2.9705
08/21/2020,2.934,35455,3.006,3.0165,2.924
08/24/2020,2.9455,37926,2.9415,2.981,2.9345
08/25/2020,2.9535,28745,2.9435,2.963,2.9325
08/26/2020,2.9815,40947,2.9595,2.9965,2.951
08/27/2020,2.9905,55443,2.99,3.012,2.9565
08/28/2020,3.0195,64205,3,3.0405,2.996
08/31/2020,3.0615,44074,3.028,3.0675,3.028
09/01/2020,3.0285,77592,3.0505,3.0945,3.014
09/02/2020,3.0205,60234,3.024,3.0395,2.999
09/03/2020,2.975,77463,3.031,3.042,2.9535
09/04/2020,3.062,84919,2.9785,3.0835,3.0065
09/08/2020,3.025,119746,3.0755,3.0885,2.998
09/09/2020,3.0515,59165,3.0175,3.0605,3.003
09/10/2020,2.9985,82191,3.055,2.9745,2.9635
09/11/2020,3.0395,69271,2.975,3.0525,3.028
09/14/2020,3.068,53068,3.047,3.076,3.025
09/15/2020,3.063,59886,3.066,3.091,3.0455
09/16/2020,3.061,49151,3.057,3.083,3.044
09/17/2020,3.071,75813,3.0695,3.086,3.0125
09/18/2020,3.116,85758,3.0805,3.1175,3.064
09/21/2020,3.032,102106,3.104,3.121,3.0135
09/22/2020,3.061,74436,3.0375,3.0875,3.033
09/23/2020,2.993,113117,3.07,3.0725,2.945
09/24/2020,2.968,116801,2.957,2.9795,2.9135
09/25/2020,2.971,69544,2.965,2.995,2.944
09/28/2020,2.99,61628,2.9835,3.0115,2.9645
09/29/2020,2.996,66784,3,3.006,2.955
09/30/2020,3.0325,79663,2.9955,3.0415,2.9755
10/01/2020,2.8655,115232,3.016,3.0465,2.854
10/02/2020,2.9775,110753,2.8775,2.9865,2.8345
10/05/2020,2.963,55394,2.98,2.975,2.932
10/06/2020,2.9635,44520,2.9635,2.9765,2.9205
10/07/2020,3.033,86552,2.927,3.055,2.9225
10/08/2020,3.042,59381,3.0315,3.0475,3.0115
10/09/2020,3.0825,76345,3.042,3.098,3.039
10/12/2020,3.064,49826,3.0795,3.093,3.052
10/13/2020,3.0445,59663,3.0635,3.067,3.0265
10/14/2020,3.0505,43831,3.0415,3.0685,3.038
10/15/2020,3.0855,66455,3.0505,3.0935,3.0245
10/16/2020,3.0675,49044,3.0875,3.096,3.0555
10/19/2020,3.086,53293,3.0605,3.108,3.057
10/20/2020,3.148,78254,3.0835,3.1455,3.138
10/21/2020,3.1985,79395,3.1415,3.218,3.1405
10/22/2020,3.1535,73504,3.1955,3.196,3.1425
10/23/2020,3.129,49687,3.164,3.1645,3.1245
10/26/2020,3.0895,73918,3.1415,3.143,3.077
10/27/2020,3.0935,55541,3.0915,3.1125,3.08
10/28/2020,3.064,88773,3.088,3.073,3.06
10/29/2020,3.0565,63378,3.069,3.094,3.0435
10/30/2020,3.0475,69335,3.058,3.059,3.0425
11/02/2020,3.077,72432,3.043,3.0965,3.028
11/03/2020,3.0925,59742,3.086,3.1015,3.0925
11/04/2020,3.107,103049,3.0995,3.112,3.1025
11/05/2020,3.11,69580,3.11,3.118,3.1095
11/06/2020,3.154,71188,3.115,3.174,3.1015
11/09/2020,3.156,100894,3.1625,3.155,3.1315
11/10/2020,3.1555,87464,3.1355,3.159,3.151
11/11/2020,3.134,66280,3.154,3.1755,3.1075
11/12/2020,3.145,64786,3.132,3.164,3.121
11/13/2020,3.178,60345,3.135,3.183,3.1765
11/16/2020,3.2295,27349,3.1785,3.2695,3.1785
11/17/2020,3.2095,24150,3.2355,3.2465,3.187
11/18/2020,3.2125,29302,3.219,3.2115,3.204
11/19/2020,3.22,25275,3.2085,3.235,3.23
11/20/2020,3.31,31796,3.227,3.3115,3.301
11/23/2020,3.278,36541,3.3065,3.2925,3.2775
11/24/2020,3.32,47659,3.28,3.3305,3.3185
11/25/2020,3.3305,41465,3.3255,3.3515,3.301
11/27/2020,3.4175,90541,3.336,3.425,3.33
11/30/2020,3.438,98558,3.418,3.505,3.417
12/01/2020,3.485,82158,3.4495,3.5215,3.447
12/02/2020,3.489,82317,3.502,3.4975,3.4835
12/03/2020,3.4905,75628,3.4935,3.523,3.4695
12/04/2020,3.5245,58352,3.484,3.536,3.4805
12/07/2020,3.5165,62377,3.5275,3.518,3.5035
12/08/2020,3.499,64490,3.5075,3.5085,3.467
12/09/2020,3.5135,60133,3.504,3.535,3.485
12/10/2020,3.576,84271,3.498,3.5935,3.45
12/11/2020,3.528,90671,3.583,3.6245,3.4965
12/14/2020,3.5265,58429,3.5405,3.527,3.5175
12/15/2020,3.5445,50682,3.522,3.556,3.5
12/16/2020,3.559,49572,3.5445,3.58,3.536
12/17/2020,3.6015,54092,3.5645,3.614,3.5615
12/18/2020,3.6325,68527,3.611,3.6455,3.59
12/21/2020,3.5775,77468,3.6405,3.6445,3.5465
12/22/2020,3.52,62681,3.5805,3.5925,3.505
12/23/2020,3.556,62499,3.5105,3.5635,3.478
12/24/2020,3.5625,30810,3.546,3.5735,3.531
12/28/2020,3.571,34304,3.569,3.618,3.5565
12/29/2020,3.5555,47036,3.5725,3.5915,3.544
12/30/2020,3.549,38300,3.5525,3.583,3.5405
12/31/2020,3.519,41781,3.5445,3.5595,3.5055
01/04/2021,3.5545,76849,3.527,3.607,3.522
01/05/2021,3.6395,64779,3.556,3.663,3.556
01/06/2021,3.6505,91231,3.6465,3.7075,3.6245
01/07/2021,3.696,62907,3.6615,3.7115,3.6405
01/08/2021,3.6735,99448,3.706,3.734,3.629
01/11/2021,3.5645,88959,3.6925,3.6925,3.5515
01/12/2021,3.6055,73198,3.558,3.6485,3.6355
01/13/2021,3.617,61336,3.646,3.6255,3.6085
01/14/2021,3.6645,67901,3.6105,3.675,3.664
01/15/2021,3.602,71481,3.6735,3.684,3.5865
01/19/2021,3.6335,107614,3.593,3.6535,3.5585
01/20/2021,3.6415,51198,3.627,3.6505,3.636
01/21/2021,3.6475,53088,3.644,3.652,3.646
01/22/2021,3.626,80927,3.647,3.652,3.5635
01/25/2021,3.6295,62534,3.6215,3.6405,3.592
01/26/2021,3.6195,59034,3.6295,3.6415,3.581
01/27/2021,3.5575,102973,3.617,3.552,3.5375
01/28/2021,3.578,114176,3.547,3.581,3.572
01/29/2021,3.556,91118,3.5745,3.5505,3.5355
02/01/2021,3.546,75847,3.5555,3.585,3.5235
02/02/2021,3.5245,83803,3.551,3.569,3.5
02/03/2021,3.5655,69116,3.5275,3.573,3.5035
02/04/2021,3.553,64966,3.562,3.583,3.537
02/05/2021,3.626,80755,3.552,3.64,3.5515
02/08/2021,3.666,77784,3.639,3.68,3.6225
02/09/2021,3.72,93999,3.6785,3.7255,3.667
02/10/2021,3.7725,99710,3.717,3.7955,3.714
02/11/2021,3.7715,64897,3.774,3.792,3.75
02/12/2021,3.788,64118,3.7805,3.8,3.7875
02/16/2021,3.834,99558,3.836,3.8395,3.8355
02/17/2021,3.8255,33404,3.836,3.834,3.817
02/18/2021,3.907,47552,3.828,3.9195,3.911
02/19/2021,4.0775,68398,3.9095,4.0965,3.893
02/22/2021,4.149,72151,4.066,4.22,4.066
02/23/2021,4.1875,78912,4.1555,4.2335,4.0975
02/24/2021,4.304,122102,4.2205,4.3305,4.148
02/25/2021,4.2635,165302,4.3215,4.308,4.191
02/26/2021,4.0925,173044,4.2055,4.105,4.0775
03/01/2021,4.113,105509,4.106,4.181,4.089
03/02/2021,4.222,123420,4.1005,4.2275,4.0415
03/03/2021,4.142,104638,4.208,4.2215,4.102
03/04/2021,3.9785,170152,4.1065,4.1505,3.849
03/05/2021,4.0755,127782,3.9535,4.1105,3.9015
03/08/2021,4.093,110466,4.117,4.1705,3.9965
03/09/2021,4.0085,103652,4.0795,4.121,3.972
03/10/2021,4.0325,73351,4.0135,4.0625,3.9815
03/11/2021,4.139,88271,4.0355,4.15,4.0095
03/12/2021,4.14,67099,4.144,4.158,4.0665
03/15/2021,4.1405,59127,4.16,4.19,4.1105
03/16/2021,4.0715,71189,4.1415,4.1495,4.0405
03/17/2021,4.119,57991,4.0625,4.1615,4.046
03/18/2021,4.108,65889,4.144,4.157,4.048
03/19/2021,4.113,73523,4.063,4.1215,4.0105
03/22/2021,4.1395,58257,4.1075,4.148,4.076
03/23/2021,4.0795,79761,4.1445,4.03,4.016
03/24/2021,4.064,72753,4.0265,4.105,4.017
03/25/2021,3.978,108068,4.026,3.999,3.971
03/26/2021,4.068,63091,3.997,4.083,3.994
03/29/2021,4.0345,60347,4.08,4.0825,4.008
03/30/2021,3.9785,61769,4.0365,4.0505,3.964
03/31/2021,3.9955,66515,3.9785,4.0175,3.9545
04/01/2021,3.9905,71246,3.984,4.019,3.9435
04/05/2021,4.1375,53277,4.028,4.16,4.024
04/06/2021,4.1165,77730,4.14,4.111,4.1035
04/07/2021,4.0545,66087,4.1065,4.071,4.0415
04/08/2021,4.0945,66232,4.063,4.0975,4.045
04/09/2021,4.04,62120,4.093,4.1075,4.036
04/12/2021,4.0185,70855,4.046,4.0265,4.0115
04/13/2021,4.0315,67321,4.013,4.04,4.0315
04/14/2021,4.1285,95297,4.039,4.111,4.1055
04/15/2021,4.2185,106318,4.105,4.23,4.2215
04/16/2021,4.168,87656,4.2255,4.244,4.1605
04/19/2021,4.245,27455,4.171,4.283,4.159
04/20/2021,4.221,23426,4.241,4.3035,4.2095
04/21/2021,4.2875,30820,4.219,4.3015,4.279
04/22/2021,4.2795,28410,4.296,4.2785,4.2525
04/23/2021,4.341,36199,4.273,4.349,4.2655
04/26/2021,4.4445,59602,4.3415,4.456,4.4445
04/27/2021,4.4855,69879,4.435,4.525,4.435
04/28/2021,4.4975,69444,4.481,4.5185,4.4155
04/29/2021,4.4865,91259,4.5,4.4915,4.4815
04/30/2021,4.468,71914,4.483,4.4735,4.446
05/03/2021,4.5285,40191,4.462,4.5345,4.5255
05/04/2021,4.5215,56494,4.5285,4.539,4.49
05/05/2021,4.524,64016,4.556,4.5275,4.517
05/06/2021,4.6025,78759,4.519,4.6125,4.5945
05/07/2021,4.7485,118845,4.609,4.75,4.7325
05/10/2021,4.716,158810,4.78,4.888,4.6875
05/11/2021,4.762,108219,4.665,4.8,4.792
05/12/2021,4.736,107308,4.8,4.8245,4.706
05/13/2021,4.6905,112900,4.719,4.7675,4.6435
05/14/2021,4.6545,114620,4.686,4.712,4.606
05/17/2021,4.7115,75298,4.6675,4.72,4.7135
05/18/2021,4.7255,77179,4.7155,4.7375,4.704
05/19/2021,4.5765,140725,4.7065,4.5835,4.5525
05/20/2021,4.568,101642,4.572,4.625,4.523
05/21/2021,4.481,103877,4.535,4.5625,4.469
05/24/2021,4.5255,78584,4.502,4.5415,4.444
05/25/2021,4.5065,84487,4.5315,4.5185,4.5035
05/26/2021,4.5295,64436,4.5105,4.547,4.4945
05/27/2021,4.663,89040,4.525,4.671,4.6665
05/28/2021,4.6775,101946,4.666,4.695,4.5925
06/01/2021,4.6535,126881,4.653,4.6555,4.6505
06/02/2021,4.5915,74348,4.653,4.6675,4.579
06/03/2021,4.463,125515,4.604,4.47,4.448
06/04/2021,4.529,85933,4.4675,4.5265,4.5145
06/07/2021,4.5265,66956,4.523,4.539,4.4685
06/08/2021,4.556,91116,4.52,4.56,4.4605
06/09/2021,4.531,75721,4.542,4.559,4.485
06/10/2021,4.485,91582,4.5185,4.5345,4.4415
06/11/2021,4.5375,82283,4.493,4.595,4.4775
06/14/2021,4.527,43801,4.5425,4.5815,4.501
06/15/2021,4.341,34837,4.531,4.536,4.3235
06/16/2021,4.391,29886,4.343,4.4045,4.273
06/17/2021,4.1855,38499,4.2805,4.3465,4.1625
06/18/2021,4.1635,27584,4.1795,4.226,4.1265
06/21/2021,4.1845,38118,4.134,4.1915,4.094
06/22/2021,4.219,43338,4.182,4.2505,4.167
06/23/2021,4.324,43176,4.223,4.3355,4.2195
06/24/2021,4.305,38402,4.3125,4.3185,4.2515
06/25/2021,4.2895,41239,4.303,4.3285,4.2665
06/28/2021,4.2785,44607,4.279,4.3085,4.252
06/29/2021,4.2645,67882,4.278,4.281,4.203
06/30/2021,4.289,69374,4.2575,4.335,4.2515
07/01/2021,4.236,69776,4.289,4.3145,4.2265
07/02/2021,4.276,52408,4.2425,4.2945,4.2275
07/06/2021,4.251,146316,4.281,4.4025,4.234
07/07/2021,4.3225,80201,4.2505,4.362,4.2475
07/08/2021,4.2645,71175,4.308,4.324,4.2325
07/09/2021,4.3455,80656,4.27,4.369,4.2535
07/12/2021,4.316,55185,4.3465,4.364,4.2805
07/13/2021,4.307,61420,4.329,4.3425,4.255
07/14/2021,4.2675,50860,4.2925,4.307,4.2575
07/15/2021,4.323,65790,4.266,4.3465,4.2515
07/16/2021,4.306,44788,4.3115,4.3445,4.3015
07/19/2021,4.2015,98035,4.31,4.31,4.1665
07/20/2021,4.263,62378,4.201,4.27,4.1945
07/21/2021,4.272,50709,4.2595,4.29,4.226
07/22/2021,4.3375,56558,4.28,4.3445,4.273
07/23/2021,4.4,87070,4.3375,4.4605,4.3335
07/26/2021,4.585,104489,4.449,4.6085,4.419
07/27/2021,4.5445,84485,4.593,4.6275,4.505
07/28/2021,4.482,78378,4.558,4.5875,4.4295
07/29/2021,4.5235,57103,4.4795,4.549,4.4595
07/30/2021,4.4825,64477,4.524,4.556,4.445
08/02/2021,4.433,63524,4.4935,4.5315,4.4095
08/03/2021,4.386,68602,4.433,4.4425,4.3385
08/04/2021,4.3325,54465,4.381,4.398,4.316
08/05/2021,4.348,41288,4.3325,4.359,4.3055
08/06/2021,4.336,66211,4.3485,4.4215,4.3315
08/09/2021,4.2895,68269,4.3365,4.3435,4.2435
08/10/2021,4.354,59725,4.292,4.3725,4.284
08/11/2021,4.3675,50396,4.3465,4.3785,4.318
08/12/2021,4.36,56267,4.3675,4.416,4.3365
08/13/2021,4.3915,49864,4.362,4.431,4.3515
08/16/2021,4.3215,28408,4.359,4.3735,4.2985
08/17/2021,4.2045,39150,4.3225,4.3375,4.2
08/18/2021,4.12,37495,4.2235,4.249,4.1
08/19/2021,4.0435,49841,4.117,4.1365,3.9665
08/20/2021,4.123,41015,4.0495,4.1415,4.045
08/23/2021,4.221,35348,4.12,4.237,4.12
08/24/2021,4.2605,37557,4.208,4.297,4.192
08/25/2021,4.276,35352,4.2575,4.3045,4.2415
08/26/2021,4.2595,41509,4.278,4.2875,4.2305
08/27/2021,4.332,57776,4.2495,4.3415,4.2375
08/30/2021,4.3755,41015,4.338,4.418,4.3305
08/31/2021,4.375,56497,4.3785,4.3935,4.336
09/01/2021,4.278,51755,4.3655,4.373,4.256
09/02/2021,4.304,38603,4.283,4.311,4.252
09/03/2021,4.334,43857,4.2975,4.351,4.28
09/07/2021,4.2815,56305,4.334,4.3465,4.255
09/08/2021,4.233,50295,4.275,4.2995,4.206
09/09/2021,4.2855,41688,4.2375,4.314,4.2155
09/10/2021,4.452,84030,4.28,4.469,4.273
09/13/2021,4.367,68664,4.426,4.4715,4.3315
09/14/2021,4.321,49999,4.3675,4.3775,4.287
09/15/2021,4.4065,53363,4.3155,4.4225,4.2915
09/16/2021,4.2815,57951,4.402,4.412,4.256
09/17/2021,4.246,53072,4.2815,4.359,4.231
09/20/2021,4.1145,63747,4.2395,4.246,4.094
09/21/2021,4.126,71707,4.1245,4.179,4.016
09/22/2021,4.252,66758,4.1125,4.2775,4.107
09/23/2021,4.231,48034,4.225,4.288,4.1945
09/24/2021,4.2855,58107,4.23,4.302,4.203
09/27/2021,4.2895,47947,4.2925,4.3175,4.255
09/28/2021,4.2465,50728,4.2785,4.3015,4.231
09/29/2021,4.199,46156,4.2485,4.2575,4.1665
09/30/2021,4.089,69254,4.1775,4.208,4.0545
10/01/2021,4.1885,50664,4.1065,4.21,4.0585
10/04/2021,4.2385,44659,4.2145,4.303,4.1775
10/05/2021,4.1925,40322,4.239,4.242,4.151
10/06/2021,4.1475,47065,4.182,4.2185,4.114
10/07/2021,4.2435,40595,4.1755,4.26,4.1625
10/08/2021,4.2755,50987,4.2495,4.301,4.2225
10/11/2021,4.3665,59676,4.2795,4.385,4.2555
10/12/2021,4.3255,63865,4.339,4.3955,4.2865
10/13/2021,4.516,103062,4.3225,4.528,4.305
10/14/2021,4.6315,89650,4.4905,4.6365,4.483
10/15/2021,4.7295,93125,4.6185,4.781,4.6035
10/18/2021,4.7255,74885,4.7305,4.823,4.6855
10/19/2021,4.703,72101,4.716,4.815,4.6685
10/20/2021,4.7345,70338,4.6875,4.749,4.5935
10/21/2021,4.5585,80807,4.7335,4.7575,4.537
10/22/2021,4.498,87878,4.5625,4.619,4.461
10/25/2021,4.528,53337,4.514,4.5685,4.5015
10/26/2021,4.486,57047,4.53,4.5545,4.472
10/27/2021,4.3895,69638,4.4955,4.51,4.363
10/28/2021,4.4385,65898,4.3885,4.4635,4.3525
10/29/2021,4.368,66973,4.4345,4.453,4.334
11/01/2021,4.3935,49151,4.3775,4.403,4.3285
11/02/2021,4.366,52499,4.39,4.433,4.333
11/03/2021,4.321,75015,4.37,4.4505,4.28
11/04/2021,4.3205,69382,4.352,4.404,4.278
11/05/2021,4.343,65146,4.326,4.3735,4.282
11/08/2021,4.399,59793,4.36,4.4145,4.33
11/09/2021,4.373,65252,4.399,4.4475,4.3375
11/10/2021,4.323,68944,4.374,4.414,4.285
11/11/2021,4.3935,24788,4.2935,4.4225,4.2935
11/12/2021,4.445,16792,4.3995,4.455,4.3705
11/15/2021,4.403,20680,4.454,4.486,4.3935
11/16/2021,4.3595,27279,4.4175,4.446,4.333
11/17/2021,4.272,31383,4.3525,4.3695,4.2
11/18/2021,4.305,32007,4.2165,4.323,4.216
11/19/2021,4.396,28351,4.3025,4.4065,4.2895
11/22/2021,4.3965,24583,4.395,4.4255,4.35
11/23/2021,4.424,32546,4.391,4.453,4.374
11/24/2021,4.4705,41600,4.4175,4.4995,4.3925
11/26/2021,4.291,79976,4.4825,4.5115,4.2805
11/29/2021,4.341,54740,4.303,4.3815,4.2875
11/30/2021,4.28,58204,4.3555,4.3675,4.2505
12/01/2021,4.2475,48355,4.3055,4.3515,4.2065
12/02/2021,4.299,49200,4.233,4.3145,4.2305
12/03/2021,4.267,42425,4.291,4.338,4.2455
12/06/2021,4.3375,40588,4.277,4.3485,4.2535
12/07/2021,4.3395,48265,4.3375,4.3925,4.3025
12/08/2021,4.3935,41524,4.3395,4.3975,4.3205
12/09/2021,4.333,41167,4.3775,4.398,4.2975
12/10/2021,4.2865,36267,4.3155,4.3595,4.2735
12/13/2021,4.284,32488,4.2955,4.333,4.277
12/14/2021,4.2575,37642,4.2925,4.306,4.2505
12/15/2021,4.1825,81709,4.266,4.2775,4.1195
12/16/2021,4.3045,59911,4.2435,4.3215,4.221
12/17/2021,4.295,36074,4.3015,4.331,4.273
12/20/2021,4.2935,38816,4.288,4.31,4.232
12/21/2021,4.346,40790,4.3015,4.3585,4.2945
12/22/2021,4.3915,40129,4.349,4.3945,4.327
12/23/2021,4.3925,37442,4.3895,4.412,4.343
12/27/2021,4.472,35466,4.3885,4.4915,4.345
12/28/2021,4.433,35535,4.4665,4.4985,4.4235
12/29/2021,4.413,41973,4.434,4.448,4.382
12/30/2021,4.3925,34024,4.417,4.4355,4.3795
12/31/2021,4.4635,34578,4.3895,4.474,4.382
01/03/2022,4.4215,37466,4.4585,4.4805,4.335
01/04/2022,4.475,55082,4.4245,4.4785,4.378
01/05/2022,4.4135,50594,4.4725,4.473,4.372
01/06/2022,4.3545,55043,4.392,4.408,4.3135
01/07/2022,4.41,44824,4.354,4.4175,4.3435
01/10/2022,4.352,43739,4.4015,4.431,4.3305
01/11/2022,4.429,43898,4.372,4.4385,4.366
01/12/2022,4.5765,103816,4.4315,4.601,4.42
01/13/2022,4.546,60425,4.557,4.577,4.5045
01/14/2022,4.4205,67752,4.5115,4.5475,4.4125
01/18/2022,4.3825,85526,4.431,4.449,4.376
01/19/2022,4.47,59021,4.4035,4.4885,4.392
01/20/2022,4.5825,70917,4.449,4.586,4.444
01/21/2022,4.524,66887,4.5295,4.5805,4.484
01/24/2022,4.4125,77500,4.522,4.538,4.3865
01/25/2022,4.45,53309,4.456,4.478,4.3855
01/26/2022,4.515,60836,4.4565,4.5345,4.419
01/27/2022,4.4235,68682,4.457,4.491,4.399
01/28/2022,4.31,89359,4.4185,4.45,4.2985
01/31/2022,4.3245,61370,4.3275,4.355,4.282
02/01/2022,4.434,56961,4.33,4.4455,4.311
02/02/2022,4.496,58704,4.4335,4.509,4.43
02/03/2022,4.471,45281,4.4785,4.502,4.423
02/04/2022,4.4875,56144,4.481,4.5145,4.4125
02/07/2022,4.4625,62818,4.4995,4.5195,4.429
02/08/2022,4.461,71019,4.482,4.484,4.395
02/09/2022,4.6025,103910,4.474,4.643,4.4185
02/10/2022,4.6595,114431,4.6335,4.7085,4.5855
02/11/2022,4.506,122741,4.615,4.629,4.4315
02/14/2022,4.508,20615,4.456,4.52,4.452
02/15/2022,4.536,17715,4.491,4.5545,4.4765
02/16/2022,4.541,20911,4.536,4.592,4.524
02/17/2022,4.528,23887,4.545,4.5545,4.469
02/18/2022,4.526,22490,4.509,4.577,4.501
02/22/2022,4.5175,52135,4.5175,4.5495,4.472
02/23/2022,4.4885,38768,4.5175,4.5535,4.456
02/24/2022,4.461,66868,4.466,4.5935,4.447
02/25/2022,4.485,56288,4.5075,4.5285,4.456
02/28/2022,4.4545,57745,4.4925,4.532,4.45
03/01/2022,4.5965,67350,4.506,4.602,4.492
03/02/2022,4.6655,78043,4.571,4.705,4.5525
03/03/2022,4.7815,88628,4.671,4.7985,4.6615
03/04/2022,4.9375,93867,4.7825,4.949,4.751
03/07/2022,4.731,94413,4.92,5.0395,4.668
03/08/2022,4.71,86439,4.745,4.967,4.603
03/09/2022,4.5725,57941,4.7105,4.7885,4.553
03/10/2022,4.6525,43943,4.5965,4.6785,4.574
03/11/2022,4.6255,39015,4.6335,4.724,4.5945
03/14/2022,4.523,49287,4.598,4.6155,4.496
03/15/2022,4.513,45209,4.5155,4.543,4.4685
03/16/2022,4.6005,45139,4.501,4.6405,4.4985
03/17/2022,4.702,42680,4.621,4.717,4.6105
03/18/2022,4.7395,38204,4.702,4.76,4.673
03/21/2022,4.7105,31238,4.727,4.732,4.656
03/22/2022,4.7,36431,4.704,4.769,4.68
03/23/2022,4.7765,32109,4.71,4.7855,4.689
03/24/2022,4.7425,40639,4.776,4.8175,4.7085
03/25/2022,4.6985,35909,4.7275,4.773,4.686
03/28/2022,4.7255,44433,4.696,4.739,4.642
03/29/2022,4.731,36879,4.7245,4.7575,4.699
03/30/2022,4.7505,47380,4.749,4.828,4.726
03/31/2022,4.751,39372,4.748,4.769,4.705
04/01/2022,4.6885,52842,4.7255,4.7515,4.669
04/04/2022,4.7815,39980,4.7055,4.809,4.688
04/05/2022,4.795,41664,4.7825,4.86,4.7525
04/06/2022,4.738,56852,4.766,4.7885,4.697
04/07/2022,4.6995,50418,4.705,4.7295,4.6725
04/08/2022,4.725,47155,4.7185,4.7655,4.702
04/11/2022,4.634,69170,4.727,4.7395,4.624
04/12/2022,4.7095,55886,4.6295,4.726,4.625
04/13/2022,4.7305,24544,4.711,4.771,4.692
04/14/2022,4.741,15078,4.717,4.758,4.685
04/18/2022,4.8215,16255,4.76,4.86,4.7055
04/19/2022,4.7395,29236,4.8225,4.8285,4.7015
04/20/2022,4.6755,29776,4.7215,4.731,4.6465
04/21/2022,4.7225,30996,4.6865,4.7355,4.6545
04/22/2022,4.602,39825,4.701,4.7235,4.589
04/25/2022,4.472,72420,4.602,4.622,4.43
04/26/2022,4.464,56233,4.4995,4.5445,4.408
04/27/2022,4.475,68970,4.4155,4.5145,4.4155
04/28/2022,4.4335,49372,4.4645,4.4935,4.3865
04/29/2022,4.4085,47592,4.444,4.512,4.3715
05/02/2022,4.268,46336,4.393,4.404,4.204
05/03/2022,4.283,50158,4.2855,4.36,4.2635
05/04/2022,4.338,48275,4.299,4.3835,4.251
05/05/2022,4.2915,59406,4.367,4.44,4.2765
05/06/2022,4.267,46171,4.2905,4.319,4.231
05/09/2022,4.1935,64966,4.238,4.245,4.124
05/10/2022,4.1545,55470,4.196,4.258,4.1285
05/11/2022,4.209,52792,4.155,4.25,4.1485
05/12/2022,4.1005,64834,4.2115,4.223,4.037
05/13/2022,4.175,48767,4.086,4.185,4.055
05/16/2022,4.1915,40503,4.1795,4.22,4.1335
05/17/2022,4.239,43709,4.203,4.2835,4.203
05/18/2022,4.1785,44049,4.2295,4.248,4.1315
05/19/2022,4.283,54505,4.155,4.298,4.1445
05/20/2022,4.275,44325,4.2775,4.3275,4.2505
05/23/2022,4.3455,49056,4.2945,4.355,4.272
05/24/2022,4.305,43773,4.341,4.3415,4.2565
05/25/2022,4.2545,43546,4.314,4.3225,4.223
05/26/2022,4.259,40196,4.2685,4.28,4.2035
05/27/2022,4.3065,35919,4.273,4.327,4.255
05/31/2022,4.296,63465,4.32,4.3665,4.274
06/01/2022,4.3285,54481,4.2855,4.35,4.259
06/02/2022,4.5525,70766,4.328,4.569,4.3075
06/03/2022,4.472,40204,4.555,4.577,4.458
06/06/2022,4.435,61808,4.467,4.472,4.406
06/07/2022,4.4355,59190,4.4325,4.4615,4.3705
06/08/2022,4.4545,51281,4.4435,4.4575,4.3965
06/09/2022,4.381,59489,4.445,4.4515,4.3555
06/10/2022,4.2945,59439,4.368,4.383,4.2745
06/13/2022,4.228,34972,4.3,4.3,4.189
06/14/2022,4.176,26987,4.2165,4.267,4.1355
06/15/2022,4.1825,17131,4.147,4.2245,4.1365
06/16/2022,4.1265,29239,4.1935,4.2375,4.0645
06/17/2022,4.0295,22989,4.117,4.1365,4.01
06/21/2022,4.0485,47580,4.02,4.0925,3.965
06/22/2022,3.95,45308,4.034,4.038,3.89
06/23/2022,3.7465,47095,3.947,3.7605,3.738
06/24/2022,3.7445,50086,3.7445,3.8055,3.6415
06/27/2022,3.766,45096,3.7475,3.8185,3.741
06/28/2022,3.78,54667,3.7605,3.85,3.741
06/29/2022,3.7805,48573,3.758,3.819,3.708
06/30/2022,3.71,54001,3.772,3.795,3.6725
07/01/2022,3.604,66572,3.678,3.7025,3.5535
07/05/2022,3.415,105356,3.615,3.6235,3.4
07/06/2022,3.408,79351,3.4265,3.4595,3.273
07/07/2022,3.572,87618,3.441,3.58,3.3965
07/08/2022,3.522,56309,3.543,3.5715,3.444
07/11/2022,3.4305,58609,3.4545,3.494,3.3865
07/12/2022,3.288,59462,3.4255,3.457,3.2465
07/13/2022,3.3225,84522,3.261,3.343,3.2165
07/14/2022,3.2115,69554,3.3105,3.33,3.1745
07/15/2022,3.234,75095,3.2285,3.2775,3.1315
07/18/2022,3.346,60737,3.2465,3.371,3.217
07/19/2022,3.291,54659,3.3155,3.328,3.253
07/20/2022,3.325,59892,3.2945,3.3755,3.2915
07/21/2022,3.2985,53021,3.3135,3.324,3.2505
07/22/2022,3.3495,59717,3.305,3.399,3.2955
07/25/2022,3.3545,53939,3.323,3.405,3.3135
07/26/2022,3.3845,62914,3.3675,3.4655,3.349
07/27/2022,3.43,55686,3.3925,3.478,3.368
07/28/2022,3.4745,64501,3.4705,3.5265,3.4515
07/29/2022,3.5735,71089,3.4935,3.5945,3.4605
08/01/2022,3.5425,64152,3.575,3.597,3.512
08/02/2022,3.5185,63618,3.535,3.5595,3.4485
08/03/2022,3.467,54061,3.472,3.5305,3.4465
08/04/2022,3.4815,55569,3.477,3.5205,3.416
08/05/2022,3.552,66150,3.4735,3.585,3.4735
08/08/2022,3.5865,61005,3.548,3.6225,3.5315
08/09/2022,3.5855,51994,3.587,3.6305,3.561
08/10/2022,3.6495,66268,3.5855,3.6575,3.5495
08/11/2022,3.7065,67851,3.6355,3.7085,3.634
08/12/2022,3.6685,55260,3.6915,3.713,3.6425
08/15/2022,3.6175,61313,3.676,3.6785,3.546
08/16/2022,3.6245,50196,3.605,3.6435,3.5825
08/17/2022,3.59,18692,3.6285,3.655,3.573
08/18/2022,3.636,27771,3.5965,3.6705,3.551
08/19/2022,3.671,28022,3.645,3.6835,3.6125
08/22/2022,3.6535,32020,3.673,3.6945,3.608
08/23/2022,3.6915,41409,3.653,3.7245,3.627
08/24/2022,3.648,34525,3.6825,3.6945,3.625
08/25/2022,3.698,33495,3.642,3.708,3.6365
08/26/2022,3.697,50263,3.6995,3.7835,3.681
08/29/2022,3.6105,49329,3.7,3.701,3.563
08/30/2022,3.551,72590,3.6,3.6355,3.535
08/31/2022,3.5185,80023,3.557,3.599,3.4445
09/01/2022,3.4065,64617,3.5155,3.5165,3.4035
09/02/2022,3.4135,65091,3.411,3.455,3.3815
09/06/2022,3.462,95683,3.3995,3.5,3.361
09/07/2022,3.4305,61330,3.46,3.467,3.403
09/08/2022,3.527,74382,3.446,3.557,3.442
09/09/2022,3.568,71651,3.552,3.6285,3.5365
09/12/2022,3.6105,51264,3.556,3.6225,3.532
09/13/2022,3.5555,82007,3.619,3.6925,3.522
09/14/2022,3.5195,55520,3.5315,3.5575,3.5015
09/15/2022,3.49,57203,3.5175,3.5525,3.4665
09/16/2022,3.5165,59945,3.478,3.544,3.4285
09/19/2022,3.5125,44668,3.5525,3.558,3.4745
09/20/2022,3.503,47612,3.527,3.5475,3.483
09/21/2022,3.467,61533,3.4995,3.516,3.4025
09/22/2022,3.471,62154,3.44,3.522,3.4205
09/23/2022,3.343,92548,3.464,3.4725,3.327
09/26/2022,3.2945,84989,3.3505,3.3645,3.274
09/27/2022,3.2835,61284,3.2955,3.353,3.268
09/28/2022,3.3585,83239,3.294,3.392,3.243
09/29/2022,3.418,85136,3.381,3.4335,3.3055
09/30/2022,3.4125,72148,3.427,3.4745,3.3885
10/03/2022,3.41,48555,3.3965,3.424,3.352
10/04/2022,3.49,74157,3.4165,3.5315,3.402
10/05/2022,3.5005,58556,3.494,3.5555,3.4465
10/06/2022,3.446,66085,3.5415,3.593,3.431
10/07/2022,3.3865,51264,3.4395,3.448,3.373
10/10/2022,3.4305,56873,3.384,3.477,3.371
10/11/2022,3.462,58732,3.4365,3.4745,3.3835
10/12/2022,3.425,55113,3.4245,3.465,3.398
10/13/2022,3.4405,83408,3.4285,3.477,3.354
10/14/2022,3.4235,68424,3.4635,3.501,3.4005
10/17/2022,3.4155,55405,3.4125,3.4675,3.3905
10/18/2022,3.362,70998,3.413,3.4355,3.339
10/19/2022,3.318,63299,3.366,3.3755,3.307
10/20/2022,3.4105,76167,3.3255,3.437,3.303
10/21/2022,3.4745,83358,3.398,3.4825,3.3455
10/24/2022,3.4305,69168,3.485,3.5045,3.4225
10/25/2022,3.397,58300,3.4315,3.441,3.3625
10/26/2022,3.545,95737,3.4055,3.5545,3.3825
10/27/2022,3.5195,78732,3.539,3.5565,3.491
10/28/2022,3.429,72287,3.5265,3.53,3.416
10/31/2022,3.375,64017,3.43,3.4435,3.3615
11/01/2022,3.4725,78213,3.38,3.5015,3.378
11/02/2022,3.4685,70962,3.4715,3.516,3.433
11/03/2022,3.427,82769,3.4395,3.4645,3.3795
11/04/2022,3.6865,159860,3.4255,3.7085,3.418
11/07/2022,3.6035,95069,3.645,3.6605,3.578
11/08/2022,3.6825,92668,3.6005,3.6995,3.5625
11/09/2022,3.7,96930,3.6615,3.748,3.627
11/10/2022,3.758,93416,3.678,3.7925,3.6285
11/11/2022,3.9135,108044,3.778,3.9445,3.7615
11/14/2022,3.8275,36734,3.9225,3.947,3.8055
11/15/2022,3.8195,36813,3.8325,3.882,3.7945
11/16/2022,3.7735,26816,3.811,3.821,3.7495
11/17/2022,3.694,24538,3.757,3.7765,3.673
11/18/2022,3.6415,27265,3.692,3.715,3.637
11/21/2022,3.576,31441,3.65,3.655,3.556
11/22/2022,3.6145,33592,3.5835,3.6695,3.582
11/23/2022,3.6185,29414,3.623,3.6585,3.5965
11/25/2022,3.6305,37879,3.6435,3.6935,3.614
11/28/2022,3.6155,53512,3.6,3.626,3.547
11/29/2022,3.6395,53960,3.6015,3.6845,3.5955
11/30/2022,3.738,79133,3.644,3.7925,3.634
12/01/2022,3.8175,58078,3.782,3.8225,3.735
12/02/2022,3.8505,58838,3.7975,3.865,3.7445
12/05/2022,3.795,57509,3.853,3.8945,3.773
12/06/2022,3.818,51460,3.7915,3.8635,3.7845
12/07/2022,3.8605,50751,3.821,3.874,3.775
12/08/2022,3.8835,48411,3.8435,3.9125,3.833
12/09/2022,3.8785,50205,3.8815,3.9245,3.846
12/12/2022,3.8005,44170,3.8595,3.8595,3.786
12/13/2022,3.842,66843,3.808,3.929,3.8035
12/14/2022,3.878,48762,3.8455,3.892,3.823
12/15/2022,3.763,59555,3.8635,3.8675,3.757
12/16/2022,3.7615,44418,3.776,3.805,3.733
12/19/2022,3.783,37311,3.7695,3.8245,3.7495
12/20/2022,3.799,54252,3.761,3.8305,3.723
12/21/2022,3.81,38236,3.807,3.8285,3.789
12/22/2022,3.757,43330,3.818,3.849,3.7495
12/23/2022,3.809,36816,3.7645,3.817,3.761
12/27/2022,3.8405,46661,3.84,3.9415,3.832
12/28/2022,3.8425,41598,3.849,3.873,3.821
12/29/2022,3.824,35958,3.835,3.852,3.8075
12/30/2022,3.8105,41375,3.8285,3.8515,3.7955
01/03/2023,3.7665,81321,3.8355,3.8715,3.7585
01/04/2023,3.7405,78234,3.771,3.807,3.7085
01/05/2023,3.821,75229,3.7405,3.842,3.7215
01/06/2023,3.911,94873,3.8255,3.93,3.7985
01/09/2023,4.0265,99135,3.9235,4.0445,3.9235
01/10/2023,4.0775,68188,4.012,4.0835,3.9875
01/11/2023,4.166,83871,4.08,4.185,4.0655
01/12/2023,4.1965,94198,4.1755,4.2115,4.1295
01/13/2023,4.216,66225,4.173,4.2225,4.1285
01/17/2023,4.223,110839,4.2105,4.2445,4.1105
01/18/2023,4.2345,101868,4.2335,4.355,4.205
01/19/2023,4.2315,76890,4.2265,4.2685,4.168
01/20/2023,4.2515,58148,4.245,4.2795,4.2065
01/23/2023,4.2565,55511,4.2795,4.3025,4.226
01/24/2023,4.2485,48710,4.259,4.2825,4.2155
01/25/2023,4.2445,49279,4.2645,4.2735,4.211
01/26/2023,4.2675,55006,4.2645,4.29,4.2325
01/27/2023,4.2225,62437,4.282,4.287,4.172
01/30/2023,4.202,62018,4.23,4.249,4.168
01/31/2023,4.226,80321,4.1845,4.2315,4.1185
02/01/2023,4.111,83786,4.2235,4.225,4.1025
02/02/2023,4.091,80014,4.1815,4.1995,4.078
02/03/2023,4.0565,88795,4.091,4.136,4.0305
02/06/2023,4.035,73083,4.0415,4.074,3.993
02/07/2023,4.0805,83856,4.038,4.0865,4.0025
02/08/2023,4.0355,81513,4.07,4.1165,4.016
02/09/2023,4.097,92947,4.0475,4.1205,4.0395
02/10/2023,4.0165,82806,4.0745,4.0825,4.005
02/13/2023,4.0575,71299,4.0185,4.0685,3.9935
02/14/2023,4.075,92055,4.059,4.111,4.0255
02/15/2023,4.0105,99011,4.0875,4.091,3.9785
02/16/2023,4.1215,49780,4.0355,4.133,4.029
02/17/2023,4.105,30848,4.11,4.128,4.0495
02/21/2023,4.212,68551,4.1215,4.213,4.093
02/22/2023,4.185,49740,4.195,4.202,4.134
02/23/2023,4.056,55457,4.169,4.179,4.0355
02/24/2023,3.953,79043,4.0525,4.079,3.9495
02/27/2023,4.011,81802,3.96,4.024,3.937
02/28/2023,4.0895,69374,4.01,4.0945,3.9915
03/01/2023,4.16,85760,4.0745,4.1745,4.065
03/02/2023,4.076,78808,4.1685,4.174,4.047
03/03/2023,4.067,49126,4.0745,4.1175,4.0605
03/06/2023,4.0885,61755,4.065,4.093,4.0085
03/07/2023,3.975,75906,4.075,4.095,3.963
03/08/2023,4.027,76997,3.9675,4.0725,3.961
03/09/2023,4.039,51881,4.027,4.055,3.9955
03/10/2023,4.0305,82641,4.007,4.0635,3.967
03/13/2023,4.0535,130470,4.0075,4.0775,3.9215
03/14/2023,4.003,66491,4.042,4.0525,3.982
03/15/2023,3.843,127731,4.005,4.0275,3.84
03/16/2023,3.8645,83498,3.8835,3.903,3.822
03/17/2023,3.8925,69462,3.8765,3.9525,3.87
03/20/2023,3.9515,71946,3.9085,3.97,3.855
03/21/2023,3.994,68041,3.9555,4.0345,3.9285
03/22/2023,4.0445,77119,4.0015,4.1075,3.9715
03/23/2023,4.1235,77824,4.043,4.1265,4.0225
03/24/2023,4.075,82229,4.1015,4.1485,4.0505
03/27/2023,4.0785,65558,4.075,4.102,4.0235
03/28/2023,4.0855,75067,4.097,4.113,4.059
03/29/2023,4.0865,73054,4.0765,4.1335,4.0495
03/30/2023,4.0915,69159,4.0815,4.1345,4.0585
03/31/2023,4.0945,73812,4.112,4.1175,4.0215
04/03/2023,4.0455,62120,4.091,4.0975,4.0345
04/04/2023,3.971,80297,4.053,4.0715,3.9445
04/05/2023,3.9865,65931,3.974,3.996,3.926
04/06/2023,4.0155,86075,3.9825,4.0315,3.971
04/10/2023,3.9765,53745,4.018,4.0395,3.963
04/11/2023,4.0195,81243,3.987,4.054,3.978
04/12/2023,4.081,88325,4.0295,4.088,3.984
04/13/2023,4.124,88437,4.07,4.143,4.0535
04/14/2023,4.1065,98124,4.1285,4.1955,4.095
04/17/2023,4.0695,27789,4.1105,4.133,4.062
04/18/2023,4.0965,22929,4.0785,4.109,4.065
04/19/2023,4.081,27218,4.0935,4.0975,4.031
04/20/2023,4.0325,31025,4.076,4.083,4.016
04/21/2023,3.9865,37425,4.0275,4.0395,3.9825
04/24/2023,3.9645,44517,3.99,4.0055,3.96
04/25/2023,3.865,80282,3.9735,3.985,3.8515
04/26/2023,3.8615,70606,3.866,3.9095,3.85
04/27/2023,3.884,79742,3.857,3.9,3.8165
04/28/2023,3.8905,55720,3.891,3.9185,3.857
05/01/2023,3.934,56866,3.895,4.005,3.8705