,Date,gold,silver,copper
0,05/01/2023,1992.2,25.23,3.934
1,04/28/2023,1999.1,25.226,3.8905
2,04/27/2023,1999.0,25.209,3.884
3,04/26/2023,1996.0,25.071,3.8615
4,04/25/2023,2004.5,25.088,3.865
5,04/24/2023,1999.8,25.524,3.9645
6,04/21/2023,1990.5,25.28,3.9865
7,04/20/2023,2019.1,25.595,4.0325
8,04/19/2023,2007.3,25.371,4.081
9,04/18/2023,2019.7,25.263,4.0965
10,04/17/2023,2007.0,25.088,4.0695
11,04/14/2023,2015.8,25.46,4.1065
12,04/13/2023,2055.3,25.925,4.124
13,04/12/2023,2024.9,25.458,4.081
14,04/11/2023,2019.0,25.186,4.0195
15,04/10/2023,2003.8,24.912,3.9765
16,04/06/2023,2026.4,25.093,4.0155
17,04/05/2023,2020.9,25.037,3.9865
18,04/04/2023,2022.2,25.101,3.971
19,04/03/2023,1983.9,24.021,4.0455
20,03/31/2023,1969.0,24.156,4.0945
21,03/30/2023,1980.3,23.989,4.0915
22,03/29/2023,1966.9,23.466,4.0865
23,03/28/2023,1973.5,23.42,4.0855
24,03/27/2023,1953.8,23.145,4.0785
25,03/24/2023,1983.8,23.339,4.075
26,03/23/2023,1995.9,23.256,4.1235
27,03/22/2023,1949.6,22.786,4.0445
28,03/21/2023,1941.1,22.425,3.994
29,03/20/2023,1999.7,22.646,3.9515
30,03/17/2023,1990.2,22.462,3.8925
31,03/16/2023,1923.0,21.692,3.8645
32,03/15/2023,1931.3,21.882,3.843
33,03/14/2023,1910.9,22.04,4.003
34,03/13/2023,1916.5,21.923,4.0535
35,03/10/2023,1867.2,20.506,4.0305
36,03/09/2023,1834.6,20.165,4.039
37,03/08/2023,1818.6,20.151,4.027
38,03/07/2023,1820.0,20.199,3.975
39,03/06/2023,1852.4,21.135,4.0885
40,03/03/2023,1854.6,21.238,4.067
41,03/02/2023,1840.5,20.901,4.076
42,03/01/2023,1845.4,21.095,4.16
43,02/28/2023,1836.7,21.071,4.0895
44,02/27/2023,1824.9,20.793,4.011
45,02/24/2023,1817.1,20.936,3.953
46,02/23/2023,1826.8,21.438,4.056
47,02/22/2023,1841.5,21.816,4.185
48,02/21/2023,1842.5,22.027,4.212
49,02/17/2023,1850.2,21.715,4.105
50,02/16/2023,1851.8,21.71,4.1215
51,02/15/2023,1845.3,21.572,4.0105
52,02/14/2023,1865.4,21.873,4.075
53,02/13/2023,1863.5,21.852,4.0575
54,02/10/2023,1874.5,22.075,4.0165
55,02/09/2023,1878.5,22.143,4.097
56,02/08/2023,1890.7,22.42,4.0355
57,02/07/2023,1884.8,22.177,4.0805
58,02/06/2023,1879.5,22.237,4.035
59,02/03/2023,1876.6,22.405,4.0565
60,02/02/2023,1930.8,23.615,4.091
61,02/01/2023,1942.8,23.609,4.111
62,01/31/2023,1945.3,23.836,4.226
63,01/30/2023,1939.2,23.733,4.202
64,01/27/2023,1945.6,23.622,4.2225
65,01/26/2023,1946.7,24.02,4.2675
66,01/25/2023,1959.4,23.941,4.2445
67,01/24/2023,1952.2,23.749,4.2485
68,01/23/2023,1945.4,23.554,4.2565
69,01/20/2023,1928.2,23.935,4.2515
70,01/19/2023,1923.9,23.87,4.2315
71,01/18/2023,1907.0,23.647,4.2345
72,01/17/2023,1909.9,24.068,4.223
73,01/13/2023,1921.7,24.372,4.216
74,01/12/2023,1898.8,24.004,4.1965
75,01/11/2023,1878.9,23.481,4.166
76,01/10/2023,1876.5,23.665,4.0775
77,01/09/2023,1877.8,23.871,4.0265
78,01/06/2023,1869.7,23.982,3.911
79,01/05/2023,1840.6,23.424,3.821
80,01/04/2023,1859.0,23.964,3.7405
81,01/03/2023,1846.1,24.236,3.7665
82,12/30/2022,1826.2,24.04,3.8105
83,12/29/2022,1826.0,24.25,3.824
84,12/28/2022,1815.8,23.84,3.8425
85,12/27/2022,1823.1,24.217,3.8405
86,12/23/2022,1804.2,23.92,3.809
87,12/22/2022,1795.3,23.622,3.757
88,12/21/2022,1823.9,24.194,3.81
89,12/20/2022,1825.4,24.271,3.799
90,12/19/2022,1797.7,23.199,3.783
91,12/16/2022,1800.2,23.328,3.7615
92,12/15/2022,1787.8,23.305,3.763
93,12/14/2022,1818.7,24.136,3.878
94,12/13/2022,1825.5,23.99,3.842
95,12/12/2022,1792.3,23.403,3.8005
96,12/09/2022,1810.7,23.717,3.8785
97,12/08/2022,1801.5,23.246,3.8835
98,12/07/2022,1798.0,22.922,3.8605
99,12/06/2022,1782.4,22.335,3.818
100,12/05/2022,1781.3,22.417,3.795
101,12/02/2022,1809.6,23.25,3.8505
102,12/01/2022,1815.2,22.841,3.8175
103,11/30/2022,1759.9,21.781,3.738
104,11/29/2022,1763.7,21.436,3.6395
105,11/28/2022,1755.3,21.125,3.6155
106,11/25/2022,1768.8,21.609,3.6305
107,11/23/2022,1760.4,21.526,3.6185
108,11/22/2022,1754.8,21.229,3.6145
109,11/21/2022,1754.6,21.062,3.576
110,11/18/2022,1769.0,21.196,3.6415
111,11/17/2022,1763.0,21.164,3.694
112,11/16/2022,1775.8,21.524,3.7735
113,11/15/2022,1774.7,21.518,3.8195
114,11/14/2022,1774.2,22.113,3.8275
115,11/11/2022,1774.2,21.667,3.9135
116,11/10/2022,1753.7,21.702,3.758
117,11/09/2022,1715.8,21.327,3.7
118,11/08/2022,1716.0,21.502,3.6825
119,11/07/2022,1680.5,20.919,3.6035
120,11/04/2022,1685.7,20.784,3.6865
121,11/03/2022,1637.7,19.43,3.427
122,11/02/2022,1651.0,19.594,3.4685
123,11/01/2022,1636.4,19.667,3.4725
124,10/31/2022,1648.3,19.119,3.375
125,10/28/2022,1648.3,19.147,3.429
126,10/27/2022,1668.8,19.494,3.5195
127,10/26/2022,1669.2,19.486,3.545
128,10/25/2022,1658.0,19.349,3.397
129,10/24/2022,1654.1,19.189,3.4305
130,10/21/2022,1656.3,19.066,3.4745
131,10/20/2022,1636.8,18.689,3.4105
132,10/19/2022,1634.2,18.359,3.318
133,10/18/2022,1655.5,18.6,3.362
134,10/17/2022,1664.0,18.719,3.4155
135,10/14/2022,1672.9,18.071,3.4235
136,10/13/2022,1672.9,18.918,3.4405
137,10/12/2022,1677.5,18.938,3.425
138,10/11/2022,1686.0,19.487,3.462
139,10/10/2022,1675.2,19.615,3.4305
140,10/07/2022,1709.3,20.255,3.3865
141,10/06/2022,1720.9,20.66,3.446
142,10/05/2022,1720.8,20.544,3.5005
143,10/04/2022,1730.5,21.099,3.49
144,10/03/2022,1702.0,20.589,3.41
145,09/30/2022,1672.0,19.039,3.4125
146,09/29/2022,1668.6,18.712,3.418
147,09/28/2022,1670.0,18.88,3.3585
148,09/27/2022,1636.2,18.337,3.2835
149,09/26/2022,1633.4,18.48,3.2945
150,09/23/2022,1655.6,18.91,3.343
151,09/22/2022,1681.1,19.617,3.471
152,09/21/2022,1675.7,19.48,3.467
153,09/20/2022,1671.1,19.183,3.503
154,09/19/2022,1678.2,19.358,3.5125
155,09/16/2022,1683.5,19.381,3.5165
156,09/15/2022,1677.3,19.269,3.49
157,09/14/2022,1709.1,19.569,3.5195
158,09/13/2022,1717.4,19.491,3.5555
159,09/12/2022,1740.6,19.86,3.6105
160,09/09/2022,1728.6,18.767,3.568
161,09/08/2022,1720.2,18.442,3.527
162,09/07/2022,1727.8,18.26,3.4305
163,09/06/2022,1712.9,17.908,3.462
164,09/02/2022,1722.6,17.881,3.4135
165,09/01/2022,1709.3,17.666,3.4065
166,08/31/2022,1726.2,17.882,3.5185
167,08/30/2022,1736.3,18.287,3.551
168,08/29/2022,1749.7,18.67,3.6105
169,08/26/2022,1749.8,18.825,3.697
170,08/25/2022,1771.4,19.161,3.698
171,08/24/2022,1761.5,18.974,3.648
172,08/23/2022,1761.2,19.121,3.6915
173,08/22/2022,1748.4,18.98,3.6535
174,08/19/2022,1762.9,19.176,3.671
175,08/18/2022,1771.2,19.569,3.636
176,08/17/2022,1776.7,19.845,3.59
177,08/16/2022,1789.7,20.204,3.6245
178,08/15/2022,1798.1,20.412,3.6175
179,08/12/2022,1815.5,20.698,3.6685
180,08/11/2022,1807.2,20.349,3.7065
181,08/10/2022,1813.7,20.742,3.6495
182,08/09/2022,1812.3,20.482,3.5855
183,08/08/2022,1805.2,20.614,3.5865
184,08/05/2022,1791.2,19.842,3.552
185,08/04/2022,1806.9,20.122,3.4815
186,08/03/2022,1776.4,19.894,3.467
187,08/02/2022,1789.7,20.139,3.5185
188,08/01/2022,1787.7,20.362,3.5425
189,07/29/2022,1781.8,20.197,3.5735
190,07/28/2022,1769.2,19.868,3.4745
191,07/27/2022,1737.5,18.6,3.43
192,07/26/2022,1735.7,18.535,3.3845
193,07/25/2022,1737.1,18.328,3.3545
194,07/22/2022,1745.3,18.617,3.3495
195,07/21/2022,1731.3,18.719,3.2985
196,07/20/2022,1717.7,18.668,3.325
197,07/19/2022,1728.1,18.713,3.291
198,07/18/2022,1710.2,18.84,3.346
199,07/15/2022,1703.6,18.594,3.234
200,07/14/2022,1705.8,18.225,3.2115
201,07/13/2022,1735.5,19.194,3.3225
202,07/12/2022,1724.8,18.958,3.288
203,07/11/2022,1731.7,19.132,3.4305
204,07/08/2022,1742.3,19.236,3.522
205,07/07/2022,1739.7,19.188,3.572
206,07/06/2022,1736.5,19.159,3.408
207,07/05/2022,1763.9,19.121,3.415
208,07/01/2022,1801.5,19.667,3.604
209,06/30/2022,1807.3,20.352,3.71
210,06/29/2022,1817.5,20.738,3.7805
211,06/28/2022,1821.2,20.872,3.78
212,06/27/2022,1824.8,21.187,3.766
213,06/24/2022,1830.3,21.159,3.7445
214,06/23/2022,1829.8,21.091,3.7465
215,06/22/2022,1838.4,21.497,3.95
216,06/21/2022,1838.8,21.851,4.0485
217,06/17/2022,1840.6,21.681,4.0295
218,06/16/2022,1849.9,21.975,4.1265
219,06/15/2022,1819.6,21.502,4.1825
220,06/14/2022,1813.5,20.954,4.176
221,06/13/2022,1831.8,21.255,4.228
222,06/10/2022,1875.5,21.931,4.2945
223,06/09/2022,1852.8,21.817,4.381
224,06/08/2022,1856.5,22.094,4.4545
225,06/07/2022,1852.1,22.178,4.4355
226,06/06/2022,1843.7,22.092,4.435
227,06/03/2022,1850.2,21.908,4.472
228,06/02/2022,1871.4,22.275,4.5525
229,06/01/2022,1848.7,21.915,4.3285
230,05/31/2022,1848.4,21.688,4.296
231,05/27/2022,1857.3,22.096,4.3065
232,05/26/2022,1853.9,21.965,4.259
233,05/25/2022,1852.5,21.87,4.2545
234,05/24/2022,1871.4,22.063,4.305
235,05/23/2022,1853.9,21.723,4.3455
236,05/20/2022,1848.4,21.674,4.275
237,05/19/2022,1847.8,21.908,4.283
238,05/18/2022,1822.4,21.544,4.1785
239,05/17/2022,1818.9,21.75,4.239
240,05/16/2022,1814.0,21.551,4.1915
241,05/13/2022,1808.2,21.001,4.175
242,05/12/2022,1824.6,20.773,4.1005
243,05/11/2022,1853.7,21.575,4.209
244,05/10/2022,1841.0,21.424,4.1545
245,05/09/2022,1858.6,21.82,4.1935
246,05/06/2022,1882.8,22.367,4.267
247,05/05/2022,1875.7,22.443,4.2915
248,05/04/2022,1868.8,22.402,4.338
249,05/03/2022,1870.6,22.665,4.283
250,05/02/2022,1863.6,22.584,4.268
251,04/29/2022,1911.7,23.085,4.4085
252,04/28/2022,1891.3,23.181,4.4335
253,04/27/2022,1888.7,23.505,4.475
254,04/26/2022,1904.1,23.59,4.464
255,04/25/2022,1896.0,23.73,4.472
256,04/22/2022,1934.3,24.318,4.602
257,04/21/2022,1948.2,24.702,4.7225
258,04/20/2022,1955.6,25.355,4.6755
259,04/19/2022,1959.0,25.478,4.7395
260,04/18/2022,1986.4,26.236,4.8215
261,04/14/2022,1974.9,25.7,4.741
262,04/13/2022,1984.7,26.03,4.7305
263,04/12/2022,1976.1,25.735,4.7095
264,04/11/2022,1948.2,24.987,4.634
265,04/08/2022,1945.6,24.823,4.725
266,04/07/2022,1937.8,24.735,4.6995
267,04/06/2022,1923.1,24.458,4.738
268,04/05/2022,1927.5,24.534,4.795
269,04/04/2022,1934.0,24.59,4.7815
270,04/01/2022,1923.7,24.654,4.6885
271,03/31/2022,1954.0,25.133,4.751
272,03/30/2022,1939.0,25.113,4.7505
273,03/29/2022,1918.0,24.736,4.731
274,03/28/2022,1944.7,25.196,4.7255
275,03/25/2022,1959.8,25.615,4.6985
276,03/24/2022,1967.7,25.92,4.7425
277,03/23/2022,1942.6,25.189,4.7765
278,03/22/2022,1926.7,24.904,4.7
279,03/21/2022,1934.8,25.313,4.7105
280,03/18/2022,1933.9,25.087,4.7395
281,03/17/2022,1948.2,25.616,4.702
282,03/16/2022,1909.2,24.71,4.6005
283,03/15/2022,1929.7,25.158,4.513
284,03/14/2022,1960.8,25.298,4.523
285,03/11/2022,1985.0,26.16,4.6255
286,03/10/2022,2000.4,26.256,4.6525
287,03/09/2022,1988.2,25.816,4.5725
288,03/08/2022,2043.3,26.895,4.71
289,03/07/2022,1995.9,25.72,4.731
290,03/04/2022,1966.6,25.789,4.9375
291,03/03/2022,1935.9,25.212,4.7815
292,03/02/2022,1922.3,25.19,4.6655
293,03/01/2022,1943.8,25.541,4.5965
294,02/28/2022,1900.7,24.366,4.4545
295,02/25/2022,1887.6,24.017,4.485
296,02/24/2022,1926.3,24.71,4.461
297,02/23/2022,1910.4,24.598,4.4885
298,02/22/2022,1907.4,24.356,4.5175
299,02/18/2022,1899.8,24.038,4.526
300,02/17/2022,1902.0,23.922,4.528
301,02/16/2022,1871.5,23.654,4.541
302,02/15/2022,1856.2,23.39,4.536
303,02/14/2022,1869.4,23.897,4.508
304,02/11/2022,1842.1,23.369,4.506
305,02/10/2022,1837.4,23.522,4.6595
306,02/09/2022,1836.6,23.341,4.6025
307,02/08/2022,1827.9,23.2,4.461
308,02/07/2022,1821.8,23.076,4.4625
309,02/04/2022,1807.8,22.475,4.4875
310,02/03/2022,1804.1,22.375,4.471
311,02/02/2022,1810.3,22.707,4.496
312,02/01/2022,1801.5,22.595,4.434
313,01/31/2022,1796.4,22.393,4.3245
314,01/28/2022,1786.6,22.301,4.31
315,01/27/2022,1795.0,22.676,4.4235
316,01/26/2022,1832.0,23.807,4.515
317,01/25/2022,1855.0,23.896,4.45
318,01/24/2022,1844.2,23.8,4.4125
319,01/21/2022,1834.1,24.32,4.524
320,01/20/2022,1844.9,24.716,4.5825
321,01/19/2022,1845.5,24.231,4.47
322,01/18/2022,1812.4,23.492,4.3825
323,01/14/2022,1816.5,22.918,4.4205
324,01/13/2022,1821.4,23.162,4.546
325,01/12/2022,1827.3,23.207,4.5765
326,01/11/2022,1818.5,22.812,4.429
327,01/10/2022,1798.8,22.462,4.352
328,01/07/2022,1797.4,22.409,4.41
329,01/06/2022,1789.2,22.19,4.3545
330,01/05/2022,1825.1,23.17,4.4135
331,01/04/2022,1814.6,23.056,4.475
332,01/03/2022,1800.1,22.81,4.4215
333,12/31/2021,1828.6,23.352,4.4635
334,12/30/2021,1814.1,23.06,4.3925
335,12/29/2021,1805.8,22.858,4.413
336,12/28/2021,1810.9,23.121,4.433
337,12/27/2021,1808.8,22.989,4.472
338,12/23/2021,1811.7,22.94,4.3925
339,12/22/2021,1802.2,22.819,4.3915
340,12/21/2021,1788.7,22.529,4.346
341,12/20/2021,1794.6,22.291,4.2935
342,12/17/2021,1804.9,22.533,4.295
343,12/16/2021,1798.2,22.485,4.3045
344,12/15/2021,1764.5,21.545,4.1825
345,12/14/2021,1772.3,21.924,4.2575
346,12/13/2021,1788.3,22.328,4.284
347,12/10/2021,1784.8,22.195,4.2865
348,12/09/2021,1776.7,22.013,4.333
349,12/08/2021,1785.5,22.432,4.3935
350,12/07/2021,1784.7,22.523,4.3395
351,12/06/2021,1779.5,22.263,4.3375
352,12/03/2021,1783.9,22.481,4.267
353,12/02/2021,1762.7,22.316,4.299
354,12/01/2021,1784.3,22.339,4.2475
355,11/30/2021,1776.5,22.815,4.28
356,11/29/2021,1785.2,22.852,4.341
357,11/26/2021,1788.1,23.135,4.291
358,11/24/2021,1786.9,23.536,4.4705
359,11/23/2021,1786.3,23.492,4.424
360,11/22/2021,1809.1,24.362,4.3965
361,11/19/2021,1854.3,24.844,4.396
362,11/18/2021,1864.0,24.96,4.305
363,11/17/2021,1872.8,25.223,4.272
364,11/16/2021,1854.1,24.999,4.3595
365,11/15/2021,1866.6,25.105,4.403
366,11/12/2021,1868.5,25.346,4.445
367,11/11/2021,1863.9,25.301,4.3935
368,11/10/2021,1848.3,24.772,4.323
369,11/09/2021,1830.8,24.318,4.373
370,11/08/2021,1828.0,24.542,4.399
371,11/05/2021,1816.8,24.157,4.343
372,11/04/2021,1793.5,23.911,4.3205
373,11/03/2021,1763.9,23.231,4.321
374,11/02/2021,1789.4,23.507,4.366
375,11/01/2021,1795.8,24.073,4.3935
376,10/29/2021,1783.9,23.949,4.368
377,10/28/2021,1802.6,24.12,4.4385
378,10/27/2021,1798.8,24.191,4.3895
379,10/26/2021,1793.4,24.088,4.486
380,10/25/2021,1806.8,24.592,4.528
381,10/22/2021,1796.3,24.449,4.498
382,10/21/2021,1781.9,24.17,4.5585
383,10/20/2021,1784.9,24.445,4.7345
384,10/19/2021,1770.5,23.883,4.703
385,10/18/2021,1765.7,23.264,4.7255
386,10/15/2021,1768.3,23.349,4.7295
387,10/14/2021,1797.9,23.477,4.6315
388,10/13/2021,1794.7,23.17,4.516
389,10/12/2021,1759.3,22.514,4.3255
390,10/11/2021,1755.7,22.665,4.3665
391,10/08/2021,1757.4,22.705,4.2755
392,10/07/2021,1759.2,22.658,4.2435
393,10/06/2021,1761.8,22.532,4.1475
394,10/05/2021,1760.9,22.608,4.1925
395,10/04/2021,1767.6,22.644,4.2385
396,10/01/2021,1758.4,22.536,4.1885
397,09/30/2021,1757.0,22.047,4.089
398,09/29/2021,1722.9,21.485,4.199
399,09/28/2021,1737.5,22.467,4.2465
400,09/27/2021,1752.0,22.694,4.2895
401,09/24/2021,1751.7,22.425,4.2855
402,09/23/2021,1749.8,22.679,4.231
403,09/22/2021,1778.8,22.907,4.252
404,09/21/2021,1778.2,22.611,4.126
405,09/20/2021,1763.8,22.204,4.1145
406,09/17/2021,1751.4,22.337,4.246
407,09/16/2021,1756.7,22.794,4.2815
408,09/15/2021,1794.8,23.801,4.4065
409,09/14/2021,1807.1,23.885,4.321
410,09/13/2021,1794.4,23.796,4.367
411,09/10/2021,1792.1,23.9,4.452
412,09/09/2021,1800.0,24.177,4.2855
413,09/08/2021,1793.5,24.056,4.233
414,09/07/2021,1798.5,24.373,4.2815
415,09/03/2021,1833.7,24.802,4.334
416,09/02/2021,1811.5,23.918,4.304
417,09/01/2021,1816.0,24.221,4.278
418,08/31/2021,1818.1,23.925,4.375
419,08/30/2021,1812.2,24.006,4.3755
420,08/27/2021,1819.5,24.11,4.332
421,08/26/2021,1795.2,23.596,4.2595
422,08/25/2021,1791.0,23.822,4.276
423,08/24/2021,1808.5,23.937,4.2605
424,08/23/2021,1806.3,23.703,4.221
425,08/20/2021,1784.0,23.16,4.123
426,08/19/2021,1783.1,23.279,4.0435
427,08/18/2021,1784.4,23.47,4.12
428,08/17/2021,1787.8,23.707,4.2045
429,08/16/2021,1789.8,23.791,4.3215
430,08/13/2021,1778.2,23.779,4.3915
431,08/12/2021,1751.8,23.116,4.36
432,08/11/2021,1753.3,23.488,4.3675
433,08/10/2021,1731.7,23.392,4.354
434,08/09/2021,1726.5,23.269,4.2895
435,08/06/2021,1763.1,24.326,4.336
436,08/05/2021,1808.9,25.292,4.348
437,08/04/2021,1814.5,25.461,4.3325
438,08/03/2021,1814.1,25.582,4.386
439,08/02/2021,1822.2,25.575,4.433
440,07/30/2021,1817.2,25.547,4.4825
441,07/29/2021,1835.8,25.782,4.5235
442,07/28/2021,1804.6,24.877,4.482
443,07/27/2021,1804.0,24.649,4.5445
444,07/26/2021,1803.4,25.318,4.585
445,07/23/2021,1805.9,25.233,4.4
446,07/22/2021,1809.2,25.381,4.3375
447,07/21/2021,1807.4,25.255,4.272
448,07/20/2021,1811.4,24.995,4.263
449,07/19/2021,1809.2,25.144,4.2015
450,07/16/2021,1815.0,25.795,4.306
451,07/15/2021,1829.0,26.394,4.323
452,07/14/2021,1825.0,26.271,4.2675
453,07/13/2021,1809.9,26.14,4.307
454,07/12/2021,1805.9,26.239,4.316
455,07/09/2021,1810.6,26.234,4.3455
456,07/08/2021,1800.2,25.987,4.2645
457,07/07/2021,1802.1,26.129,4.3225
458,07/06/2021,1794.2,26.174,4.251
459,07/02/2021,1783.3,26.501,4.276
460,07/01/2021,1776.8,26.1,4.236
461,06/30/2021,1771.6,26.194,4.289
462,06/29/2021,1763.6,25.901,4.2645
463,06/28/2021,1780.7,26.254,4.2785
464,06/25/2021,1777.8,26.126,4.2895
465,06/24/2021,1776.7,26.089,4.305
466,06/23/2021,1783.4,26.152,4.324
467,06/22/2021,1777.4,25.898,4.219
468,06/21/2021,1782.9,26.065,4.1845
469,06/18/2021,1769.0,25.969,4.1635
470,06/17/2021,1774.8,25.856,4.1855
471,06/16/2021,1861.4,27.812,4.391
472,06/15/2021,1856.4,27.693,4.341
473,06/14/2021,1865.9,28.039,4.527
474,06/11/2021,1879.6,28.146,4.5375
475,06/10/2021,1896.4,28.031,4.485
476,06/09/2021,1895.5,28.002,4.531
477,06/08/2021,1894.4,27.731,4.556
478,06/07/2021,1898.8,28.018,4.5265
479,06/04/2021,1892.0,27.896,4.529
480,06/03/2021,1873.3,27.477,4.463
481,06/02/2021,1909.9,28.204,4.5915
482,06/01/2021,1905.0,28.102,4.6535
483,05/28/2021,1905.3,28.014,4.6775
484,05/27/2021,1898.5,27.94,4.663
485,05/26/2021,1903.8,27.877,4.5295
486,05/25/2021,1900.5,28.056,4.5065
487,05/24/2021,1886.7,27.905,4.5255
488,05/21/2021,1878.9,27.486,4.481
489,05/20/2021,1883.9,28.067,4.568
490,05/19/2021,1881.5,28.025,4.5765
491,05/18/2021,1868.0,28.333,4.7255
492,05/17/2021,1867.6,28.274,4.7115
493,05/14/2021,1838.1,27.365,4.6545
494,05/13/2021,1824.0,27.059,4.6905
495,05/12/2021,1822.8,27.244,4.736
496,05/11/2021,1836.1,27.667,4.762
497,05/10/2021,1837.6,27.492,4.716
498,05/07/2021,1831.3,27.565,4.7485
499,05/06/2021,1815.7,27.477,4.6025
500,05/05/2021,1784.3,26.522,4.524
501,05/04/2021,1776.0,26.558,4.5215
502,05/03/2021,1791.8,26.96,4.5285
503,04/30/2021,1767.7,25.873,4.468
504,04/29/2021,1768.3,26.085,4.4865
505,04/28/2021,1773.9,26.118,4.4975
506,04/27/2021,1778.8,26.45,4.4855
507,04/26/2021,1780.1,26.247,4.4445
508,04/23/2021,1777.8,26.114,4.341
509,04/22/2021,1782.0,26.219,4.2795
510,04/21/2021,1793.1,26.606,4.2875
511,04/20/2021,1778.4,25.84,4.221
512,04/19/2021,1770.6,25.837,4.245
513,04/16/2021,1780.2,26.105,4.168
514,04/15/2021,1766.8,25.964,4.2185
515,04/14/2021,1736.3,25.524,4.1285
516,04/13/2021,1747.6,25.426,4.0315
517,04/12/2021,1732.7,24.867,4.0185
518,04/09/2021,1744.8,25.325,4.04
519,04/08/2021,1758.2,25.585,4.0945
520,04/07/2021,1741.6,25.247,4.0545
521,04/06/2021,1743.0,25.227,4.1165
522,04/05/2021,1728.8,24.78,4.1375
523,04/01/2021,1728.4,24.948,3.9905
524,03/31/2021,1715.6,24.532,3.9955
525,03/30/2021,1686.0,24.137,3.9785
526,03/29/2021,1714.6,24.771,4.0345
527,03/26/2021,1734.7,25.114,4.068
528,03/25/2021,1727.3,25.047,3.978
529,03/24/2021,1735.5,25.231,4.064
530,03/23/2021,1727.5,25.227,4.0795
531,03/22/2021,1740.4,25.769,4.1395
532,03/19/2021,1743.9,26.321,4.113
533,03/18/2021,1734.6,26.351,4.108
534,03/17/2021,1727.1,26.058,4.119
535,03/16/2021,1730.9,26.003,4.0715
536,03/15/2021,1729.2,26.288,4.1405
537,03/12/2021,1719.8,25.911,4.14
538,03/11/2021,1722.6,26.193,4.139
539,03/10/2021,1721.8,26.13,4.0325
540,03/09/2021,1716.9,26.183,4.0085
541,03/08/2021,1678.0,25.269,4.093
542,03/05/2021,1698.5,25.287,4.0755
543,03/04/2021,1700.7,25.461,3.9785
544,03/03/2021,1715.8,26.387,4.142
545,03/02/2021,1733.6,26.879,4.222
546,03/01/2021,1723.0,26.678,4.113
547,02/26/2021,1728.8,26.44,4.0925
548,02/25/2021,1775.4,27.685,4.2635
549,02/24/2021,1797.9,27.928,4.304
550,02/23/2021,1805.9,27.742,4.1875
551,02/22/2021,1808.4,28.131,4.149
552,02/19/2021,1777.4,27.293,4.0775
553,02/18/2021,1775.0,27.118,3.907
554,02/17/2021,1772.8,27.315,3.8255
555,02/16/2021,1799.0,27.325,3.834
556,02/12/2021,1823.2,27.328,3.788
557,02/11/2021,1826.8,27.047,3.7715
558,02/10/2021,1842.7,27.078,3.7725
559,02/09/2021,1837.5,27.402,3.72
560,02/08/2021,1834.2,27.576,3.666
561,02/05/2021,1813.0,27.019,3.626
562,02/04/2021,1791.2,26.234,3.553
563,02/03/2021,1835.1,26.889,3.5655
564,02/02/2021,1833.4,26.402,3.5245
565,02/01/2021,1863.9,29.418,3.546
566,01/29/2021,1850.3,26.914,3.556
567,01/28/2021,1841.2,25.922,3.578
568,01/27/2021,1848.9,25.389,3.5575
569,01/26/2021,1854.8,25.538,3.6195
570,01/25/2021,1859.0,25.484,3.6295
571,01/22/2021,1859.9,25.556,3.626
572,01/21/2021,1869.3,25.854,3.6475
573,01/20/2021,1870.2,25.766,3.6415
574,01/19/2021,1840.2,25.32,3.6335
575,01/15/2021,1829.9,24.866,3.602
576,01/14/2021,1851.4,25.802,3.6645
577,01/13/2021,1854.9,25.572,3.617
578,01/12/2021,1844.2,25.435,3.6055
579,01/11/2021,1850.8,24.985,3.5645
580,01/08/2021,1835.4,24.637,3.6735
581,01/07/2021,1913.6,27.261,3.696
582,01/06/2021,1908.6,27.042,3.6505
583,01/05/2021,1954.4,27.64,3.6395
584,01/04/2021,1946.6,27.364,3.5545
585,12/31/2020,1895.1,26.412,3.519
586,12/30/2020,1893.4,26.573,3.549
587,12/29/2020,1882.9,26.217,3.5555
588,12/28/2020,1880.4,26.539,3.571
589,12/24/2020,1883.2,25.908,3.5625
590,12/23/2020,1878.1,25.921,3.556
591,12/22/2020,1870.3,25.535,3.52
592,12/21/2020,1882.8,26.379,3.5775
593,12/18/2020,1888.9,26.033,3.6325
594,12/17/2020,1890.4,26.181,3.6015
595,12/16/2020,1859.1,25.052,3.559
596,12/15/2020,1855.3,24.644,3.5445
597,12/14/2020,1832.1,24.047,3.5265
598,12/11/2020,1843.6,24.092,3.528
599,12/10/2020,1837.4,24.094,3.576
600,12/09/2020,1838.5,23.99,3.5135
601,12/08/2020,1874.9,24.736,3.499
602,12/07/2020,1866.0,24.794,3.5165
603,12/04/2020,1840.0,24.253,3.5245
604,12/03/2020,1841.1,24.137,3.4905
605,12/02/2020,1830.2,24.08,3.489
606,12/01/2020,1818.9,24.09,3.485
607,11/30/2020,1780.9,22.593,3.438
608,11/27/2020,1788.1,22.639,3.4175
609,11/25/2020,1811.2,23.446,3.3305
610,11/24/2020,1810.9,23.41,3.32
611,11/23/2020,1844.1,23.757,3.278
612,11/20/2020,1872.4,24.491,3.31
613,11/19/2020,1861.5,24.164,3.22
614,11/18/2020,1873.9,24.558,3.2125
615,11/17/2020,1885.1,24.651,3.2095
616,11/16/2020,1887.8,24.802,3.2295
617,11/13/2020,1886.2,24.775,3.178
618,11/12/2020,1873.3,24.306,3.145
619,11/11/2020,1861.6,24.267,3.134
620,11/10/2020,1876.4,24.462,3.1555
621,11/09/2020,1854.4,23.701,3.156
622,11/06/2020,1951.7,25.662,3.154
623,11/05/2020,1946.8,25.191,3.11
624,11/04/2020,1896.2,23.893,3.107
625,11/03/2020,1910.4,24.334,3.0925
626,11/02/2020,1892.5,24.033,3.077
627,10/30/2020,1879.9,23.646,3.0475
628,10/29/2020,1868.0,23.36,3.0565
629,10/28/2020,1879.2,23.359,3.064
630,10/27/2020,1911.9,24.57,3.0935
631,10/26/2020,1905.7,24.42,3.0895
632,10/23/2020,1905.2,24.675,3.129
633,10/22/2020,1904.6,24.709,3.1535
634,10/21/2020,1929.5,25.241,3.1985
635,10/20/2020,1915.4,24.98,3.148
636,10/19/2020,1911.7,24.698,3.086
637,10/16/2020,1906.4,24.405,3.0675
638,10/15/2020,1908.9,24.224,3.0855
639,10/14/2020,1907.3,24.395,3.0505
640,10/13/2020,1894.6,24.129,3.0445
641,10/12/2020,1928.9,25.271,3.064
642,10/09/2020,1926.2,25.108,3.0825
643,10/08/2020,1895.1,23.876,3.042
644,10/07/2020,1890.8,23.896,3.033
645,10/06/2020,1908.8,23.921,2.9635
646,10/05/2020,1920.1,24.56,2.963
647,10/02/2020,1907.6,24.029,2.9775
648,10/01/2020,1916.3,24.254,2.8655
649,09/30/2020,1895.5,23.494,3.0325
650,09/29/2020,1903.2,24.445,2.996
651,09/28/2020,1882.3,23.604,2.99
652,09/25/2020,1866.3,23.093,2.971
653,09/24/2020,1876.9,23.196,2.968
654,09/23/2020,1868.4,23.105,2.993
655,09/22/2020,1907.6,24.523,3.061
656,09/21/2020,1910.6,24.387,3.032
657,09/18/2020,1962.1,27.129,3.116
658,09/17/2020,1949.9,27.1,3.071
659,09/16/2020,1970.5,27.476,3.061
660,09/15/2020,1966.2,27.464,3.063
661,09/14/2020,1963.7,27.355,3.068
662,09/11/2020,1947.9,26.857,3.0395
663,09/10/2020,1964.3,27.291,2.9985
664,09/09/2020,1954.9,27.083,3.0515
665,09/08/2020,1943.2,26.991,3.025
666,09/04/2020,1934.3,26.712,3.062
667,09/03/2020,1937.8,26.875,2.975
668,09/02/2020,1944.7,27.395,3.0205
669,09/01/2020,1978.9,28.645,3.0285
670,08/31/2020,1978.6,28.594,3.0615
671,08/28/2020,1974.9,27.79,3.0195
672,08/27/2020,1932.6,27.198,2.9905
673,08/26/2020,1952.5,27.604,2.9815
674,08/25/2020,1923.1,26.426,2.9535
675,08/24/2020,1939.2,26.768,2.9455
676,08/21/2020,1947.0,26.877,2.934
677,08/20/2020,1946.5,27.301,2.9915
678,08/19/2020,1970.3,27.486,3.038
679,08/18/2020,2013.1,28.243,2.9915
680,08/17/2020,1998.7,27.834,2.9225
681,08/14/2020,1949.8,26.089,2.882
682,08/13/2020,1970.4,27.718,2.832
683,08/12/2020,1949.0,25.979,2.912
684,08/11/2020,1946.3,26.049,2.8755
685,08/10/2020,2039.7,29.261,2.8615
686,08/07/2020,2028.0,27.54,2.7925
687,08/06/2020,2069.4,28.4,2.9105
688,08/05/2020,2049.3,26.89,2.917
689,08/04/2020,2021.0,26.028,2.8945
690,08/03/2020,1986.3,24.417,2.912
691,07/31/2020,1985.9,24.216,2.868
692,07/30/2020,1966.8,23.362,2.914
693,07/29/2020,1976.7,24.321,2.919
694,07/28/2020,1963.9,24.3,2.9175
695,07/27/2020,1955.4,24.501,2.8975
696,07/24/2020,1897.5,22.85,2.8925
697,07/23/2020,1890.0,22.988,2.9385
698,07/22/2020,1865.1,23.144,2.9245
699,07/21/2020,1843.9,21.557,2.958
700,07/20/2020,1817.4,20.192,2.9155
701,07/17/2020,1810.0,19.764,2.9045
702,07/16/2020,1800.3,19.573,2.9015
703,07/15/2020,1813.8,19.761,2.885
704,07/14/2020,1813.4,19.53,2.9325
705,07/13/2020,1814.1,19.788,2.955
706,07/10/2020,1801.9,19.053,2.8975
707,07/09/2020,1803.8,18.962,2.8385
708,07/08/2020,1820.6,19.161,2.824
709,07/07/2020,1809.9,18.699,2.797
710,07/06/2020,1793.5,18.582,2.7745
711,07/02/2020,1790.0,18.322,2.7485
712,07/01/2020,1779.9,18.218,2.734
713,06/30/2020,1800.5,18.637,2.7285
714,06/29/2020,1781.2,18.064,2.6925
715,06/26/2020,1780.3,18.168,2.679
716,06/25/2020,1770.6,18.051,2.678
717,06/24/2020,1775.1,17.811,2.6575
718,06/23/2020,1782.0,18.239,2.6685
719,06/22/2020,1766.4,18.074,2.6625
720,06/19/2020,1753.0,18.022,2.628
721,06/18/2020,1731.1,17.67,2.6105
722,06/17/2020,1735.6,17.775,2.609
723,06/16/2020,1736.5,17.652,2.588
724,06/15/2020,1727.2,17.399,2.5875
725,06/12/2020,1737.3,17.482,2.6185
726,06/11/2020,1739.8,17.889,2.602
727,06/10/2020,1720.7,17.796,2.6565
728,06/09/2020,1721.9,17.794,2.599
729,06/08/2020,1705.1,17.893,2.5655
730,06/05/2020,1683.0,17.479,2.5555
731,06/04/2020,1727.4,18.061,2.4895
732,06/03/2020,1704.8,17.958,2.4875
733,06/02/2020,1734.0,18.26,2.491
734,06/01/2020,1750.3,18.827,2.4705
735,05/29/2020,1736.9,18.44,2.4265
736,05/28/2020,1728.3,17.967,2.4135
737,05/27/2020,1726.8,17.757,2.382
738,05/26/2020,1728.2,17.595,2.4185
739,05/22/2020,1734.6,17.664,2.409
740,05/21/2020,1721.9,17.364,2.432
741,05/20/2020,1750.6,18.002,2.4675
742,05/19/2020,1745.6,17.901,2.418
743,05/18/2020,1734.4,17.468,2.404
744,05/15/2020,1753.4,17.046,2.3335
745,05/14/2020,1740.9,16.156,2.363
746,05/13/2020,1716.4,15.671,2.346
747,05/12/2020,1706.8,15.709,2.359
748,05/11/2020,1698.0,15.68,2.38
749,05/08/2020,1709.9,15.74,2.4085
750,05/07/2020,1725.8,15.59,2.3805
751,05/06/2020,1688.5,15.015,2.347
752,05/05/2020,1710.6,15.11,2.3325
753,05/04/2020,1713.3,14.796,2.3125
754,05/01/2020,1694.5,14.863,2.3185
755,04/30/2020,1694.2,14.973,2.344
756,04/29/2020,1703.4,15.16,2.3745
757,04/28/2020,1722.2,15.328,2.3455
758,04/27/2020,1723.8,15.341,2.345
759,04/24/2020,1723.5,15.254,2.348
760,04/23/2020,1745.4,15.526,2.318
761,04/22/2020,1738.3,15.503,2.309
762,04/21/2020,1687.8,14.991,2.2645
763,04/20/2020,1711.2,15.75,2.337
764,04/17/2020,1689.2,15.237,2.3535
765,04/16/2020,1731.7,15.766,2.3055
766,04/15/2020,1740.2,15.654,2.309
767,04/14/2020,1768.9,16.341,2.3295
768,04/13/2020,1744.8,15.479,2.3205
769,04/09/2020,1736.2,15.995,2.2775
770,04/08/2020,1684.3,15.205,2.26
771,04/07/2020,1683.7,15.48,2.2725
772,04/06/2020,1677.0,15.111,2.235
773,04/03/2020,1633.7,14.436,2.21
774,04/02/2020,1637.7,14.654,2.2185
775,04/01/2020,1591.4,13.984,2.1745
776,03/31/2020,1583.4,14.098,2.24
777,03/30/2020,1643.2,14.132,2.1555
778,03/27/2020,1623.9,14.498,2.197
779,03/26/2020,1660.3,14.676,2.178
780,03/25/2020,1634.3,14.873,2.204
781,03/24/2020,1660.2,14.229,2.1975
782,03/23/2020,1572.7,13.261,2.1005
783,03/20/2020,1484.0,12.349,2.1905
784,03/19/2020,1479.3,12.134,2.1855
785,03/18/2020,1477.9,11.772,2.151
786,03/17/2020,1524.9,12.469,2.3155
787,03/16/2020,1486.5,12.816,2.3925
788,03/13/2020,1516.7,14.5,2.464
789,03/12/2020,1590.3,16.005,2.4725
790,03/11/2020,1642.3,16.776,2.502
791,03/10/2020,1659.1,16.906,2.534
792,03/09/2020,1675.7,17.054,2.5105
793,03/06/2020,1672.4,17.263,2.5605
794,03/05/2020,1666.4,17.342,2.5825
795,03/04/2020,1643.0,17.246,2.586
796,03/03/2020,1642.1,17.129,2.5795
797,03/02/2020,1592.3,16.679,2.601
798,02/28/2020,1564.1,16.387,2.546
799,02/27/2020,1642.5,17.735,2.5715
800,02/26/2020,1643.1,17.914,2.5735
801,02/25/2020,1650.0,18.268,2.582
802,02/24/2020,1676.6,18.96,2.5835
803,02/21/2020,1644.6,18.521,2.618
804,02/20/2020,1620.5,18.319,2.596
805,02/19/2020,1611.8,18.311,2.614
806,02/18/2020,1600.0,18.131,2.61
807,02/14/2020,1582.7,17.715,2.6055
808,02/13/2020,1578.8,17.619,2.613
809,02/12/2020,1571.6,17.497,2.6
810,02/11/2020,1565.6,17.573,2.5885
811,02/10/2020,1579.5,17.785,2.5505
812,02/07/2020,1568.6,17.665,2.559
813,02/06/2020,1570.0,17.818,2.593
814,02/05/2020,1562.8,17.602,2.5745
815,02/04/2020,1555.5,17.561,2.542
816,02/03/2020,1582.4,17.67,2.507
817,01/31/2020,1582.9,17.972,2.52
818,01/30/2020,1589.2,17.992,2.524
819,01/29/2020,1576.0,17.487,2.554
820,01/28/2020,1575.8,17.458,2.5795
821,01/27/2020,1583.7,18.056,2.5965
822,01/24/2020,1571.1,18.057,2.6855
823,01/23/2020,1571.6,17.829,2.726
824,01/22/2020,1556.7,17.828,2.765
825,01/21/2020,1556.4,17.751,2.7985
826,01/17/2020,1558.8,18.013,2.8495
827,01/16/2020,1550.5,17.939,2.847
828,01/15/2020,1554.0,17.988,2.866
829,01/14/2020,1544.6,17.742,2.8735
830,01/13/2020,1550.6,17.996,2.861
831,01/10/2020,1557.5,18.033,2.8185
832,01/09/2020,1554.3,17.936,2.802
833,01/08/2020,1560.2,18.167,2.812
834,01/07/2020,1574.3,18.393,2.7935
835,01/06/2020,1568.8,18.179,2.79
836,01/03/2020,1549.2,18.068,2.7985
837,01/02/2020,1528.1,18.046,2.825
838,12/31/2019,1519.5,17.828,2.794
839,12/30/2019,1518.6,18.001,2.8335
840,12/27/2019,1518.1,17.943,2.8295
841,12/26/2019,1514.4,17.99,2.849
842,12/24/2019,1499.1,17.757,2.8385
843,12/23/2019,1488.7,17.499,2.8085
844,12/20/2019,1474.7,17.128,2.811
845,12/19/2019,1478.2,17.058,2.8315
846,12/18/2019,1478.7,17.049,2.8125
847,12/17/2019,1480.6,17.072,2.8135
848,12/16/2019,1480.5,17.113,2.8115
849,12/13/2019,1475.6,16.912,2.7805
850,12/12/2019,1472.3,16.949,2.7965
851,12/11/2019,1475.0,16.849,2.7895
852,12/10/2019,1462.6,16.596,2.7555
853,12/09/2019,1464.9,16.642,2.7585
854,12/06/2019,1459.1,16.481,2.711
855,12/05/2019,1483.1,17.059,2.663
856,12/04/2019,1480.2,16.916,2.659
857,12/03/2019,1478.2,17.125,2.608
858,12/02/2019,1469.2,16.966,2.6505
859,11/29/2019,1472.7,17.106,2.6615
860,11/27/2019,1453.4,16.912,2.6745
861,11/26/2019,1467.4,17.188,2.6975
862,11/25/2019,1463.8,17.03,2.662
863,11/22/2019,1468.8,17.147,2.659
864,11/21/2019,1470.5,17.211,2.636
865,11/20/2019,1470.0,17.1,2.6465
866,11/19/2019,1473.3,17.103,2.6535
867,11/18/2019,1471.9,17.0,2.634
868,11/15/2019,1467.3,16.933,2.635
869,11/14/2019,1473.4,17.028,2.635
870,11/13/2019,1463.3,16.913,2.6395
871,11/12/2019,1452.1,16.677,2.642
872,11/11/2019,1457.1,16.802,2.664
873,11/08/2019,1461.3,16.783,2.678
874,11/07/2019,1464.2,16.97,2.724
875,11/06/2019,1493.1,17.598,2.665
876,11/05/2019,1483.7,17.568,2.7005
877,11/04/2019,1511.1,18.066,2.671
878,11/01/2019,1508.0,18.004,2.651
879,10/31/2019,1514.8,18.067,2.638
880,10/30/2019,1493.2,17.815,2.6805
881,10/29/2019,1490.7,17.831,2.6915
882,10/28/2019,1495.8,17.876,2.683
883,10/25/2019,1499.5,17.861,2.6665
884,10/24/2019,1504.7,17.804,2.668
885,10/23/2019,1495.7,17.58,2.6715
886,10/22/2019,1487.5,17.5,2.633
887,10/21/2019,1488.1,17.602,2.6465
888,10/18/2019,1488.2,17.502,2.625
889,10/17/2019,1498.3,17.612,2.5975
890,10/16/2019,1494.0,17.427,2.5895
891,10/15/2019,1483.5,17.308,2.614
892,10/14/2019,1497.6,17.71,2.634
893,10/11/2019,1488.7,17.462,2.628
894,10/10/2019,1500.9,17.602,2.6135
895,10/09/2019,1512.8,17.81,2.568
896,10/08/2019,1497.2,17.617,2.5635
897,10/07/2019,1504.4,17.54,2.577
898,10/04/2019,1506.2,17.54,2.5555
899,10/03/2019,1513.8,17.676,2.5535
900,10/02/2019,1501.0,17.592,2.5615
901,10/01/2019,1489.0,17.302,2.5605
902,09/30/2019,1472.9,16.998,2.5785
903,09/27/2019,1506.4,17.552,2.5975
904,09/26/2019,1515.2,17.912,2.5775
905,09/25/2019,1512.3,18.073,2.612
906,09/24/2019,1532.1,18.517,2.5895
907,09/23/2019,1531.5,18.711,2.6115
908,09/20/2019,1507.3,17.738,2.59
909,09/19/2019,1506.2,17.884,2.6085
910,09/18/2019,1515.8,17.919,2.613
911,09/17/2019,1513.4,18.14,2.627
912,09/16/2019,1503.1,17.901,2.621
913,09/13/2019,1490.9,17.436,2.681
914,09/12/2019,1507.4,18.177,2.6405
915,09/11/2019,1503.2,18.17,2.6145
916,09/10/2019,1499.2,18.186,2.628
917,09/09/2019,1511.1,18.167,2.6275
918,09/06/2019,1506.2,17.968,2.6155
919,09/05/2019,1525.5,18.807,2.642
920,09/04/2019,1560.4,19.547,2.595
921,09/03/2019,1555.9,19.237,2.528
922,08/30/2019,1529.2,18.48,2.557
923,08/29/2019,1536.9,18.323,2.5775
924,08/28/2019,1549.1,18.456,2.5645
925,08/27/2019,1551.8,18.298,2.553
926,08/26/2019,1537.2,17.785,2.55
927,08/23/2019,1537.6,17.554,2.5375
928,08/22/2019,1497.3,17.014,2.5535
929,08/21/2019,1515.7,17.29,2.592
930,08/20/2019,1515.7,17.148,2.584
931,08/19/2019,1511.6,16.94,2.608
932,08/16/2019,1523.6,17.122,2.595
933,08/15/2019,1531.2,17.214,2.595
934,08/14/2019,1527.8,17.28,2.592
935,08/13/2019,1514.1,16.985,2.63
936,08/12/2019,1517.2,17.071,2.585
937,08/09/2019,1508.5,16.931,2.589
938,08/08/2019,1509.5,16.936,2.6075
939,08/07/2019,1507.3,17.156,2.565
940,08/06/2019,1484.2,16.445,2.5575
941,08/05/2019,1464.6,16.345,2.537
942,08/02/2019,1457.5,16.27,2.5715
943,08/01/2019,1432.4,16.18,2.6655
944,07/31/2019,1437.8,16.405,2.666
945,07/30/2019,1441.8,16.558,2.6785
946,07/29/2019,1433.3,16.44,2.7175
947,07/26/2019,1432.2,16.397,2.685
948,07/25/2019,1427.5,16.411,2.7035
949,07/24/2019,1436.5,16.626,2.712
950,07/23/2019,1421.7,16.476,2.7
951,07/22/2019,1426.9,16.411,2.722
952,07/19/2019,1426.7,16.195,2.7525
953,07/18/2019,1428.1,16.198,2.71
954,07/17/2019,1421.3,15.893,2.71
955,07/16/2019,1411.2,15.678,2.7
956,07/15/2019,1413.5,15.365,2.711
957,07/12/2019,1412.2,15.236,2.694
958,07/11/2019,1406.7,15.146,2.6875
959,07/10/2019,1412.5,15.226,2.694
960,07/09/2019,1400.5,15.147,2.625
961,07/08/2019,1400.0,15.05,2.659
962,07/05/2019,1400.1,15.001,2.661
963,07/03/2019,1420.9,15.336,2.683
964,07/02/2019,1408.0,15.238,2.664
965,07/01/2019,1385.6,15.106,2.6795
966,06/28/2019,1409.7,15.253,2.7055
967,06/27/2019,1412.0,15.294,2.7165
968,06/26/2019,1411.6,15.283,2.711
969,06/25/2019,1418.7,15.383,2.735
970,06/24/2019,1418.2,15.461,2.705
971,06/21/2019,1400.1,15.37,2.704
972,06/20/2019,1396.9,15.492,2.712
973,06/19/2019,1348.8,14.958,2.6805
974,06/18/2019,1350.7,14.993,2.7025
975,06/17/2019,1342.9,14.829,2.6465
976,06/14/2019,1344.5,14.803,2.631
977,06/13/2019,1343.7,14.892,2.6565
978,06/12/2019,1336.8,14.753,2.654
979,06/11/2019,1331.2,14.74,2.6715
980,06/10/2019,1329.3,14.639,2.6615
981,06/07/2019,1346.1,15.031,2.6275
982,06/06/2019,1342.7,14.905,2.6505
983,06/05/2019,1333.6,14.791,2.623
984,06/04/2019,1323.4,14.732,2.6735
985,06/03/2019,1327.9,14.74,2.65
986,05/31/2019,1311.1,14.567,2.64
987,05/30/2019,1287.1,14.46,2.6605
988,05/29/2019,1286.3,14.411,2.664
989,05/28/2019,1282.5,14.32,2.696
990,05/24/2019,1289.2,14.555,2.6995
991,05/23/2019,1291.0,14.613,2.6805
992,05/22/2019,1274.2,14.449,2.678
993,05/21/2019,1273.2,14.41,2.715
994,05/20/2019,1277.3,14.445,2.726
995,05/17/2019,1275.7,14.388,2.7385
996,05/16/2019,1286.2,14.539,2.748
997,05/15/2019,1297.8,14.812,2.743
998,05/14/2019,1296.3,14.812,2.725
999,05/13/2019,1301.8,14.777,2.719
1000,05/10/2019,1287.4,14.79,2.7745
1001,05/09/2019,1285.2,14.773,2.7715
1002,05/08/2019,1281.4,14.862,2.7745
1003,05/07/2019,1285.6,14.926,2.7855
1004,05/06/2019,1283.8,14.927,2.8295
1005,05/03/2019,1281.3,14.978,2.819
1006,05/02/2019,1272.0,14.617,2.7795
1007,05/01/2019,1284.2,14.729,2.8015
1008,04/30/2019,1282.8,14.9,2.9015
1009,04/29/2019,1281.5,14.933,2.897
1010,04/26/2019,1288.8,15.088,2.894
1011,04/25/2019,1279.7,14.96,2.8675
1012,04/24/2019,1279.4,14.996,2.916
1013,04/23/2019,1273.2,14.865,2.9
1014,04/22/2019,1277.6,15.058,2.908
1015,04/18/2019,1276.0,15.038,2.9265
1016,04/17/2019,1276.8,14.939,2.9735
1017,04/16/2019,1277.2,14.915,2.939
1018,04/15/2019,1291.3,14.975,2.935
1019,04/12/2019,1295.2,14.963,2.946
1020,04/11/2019,1293.3,14.867,2.887
1021,04/10/2019,1313.9,15.244,2.9255
1022,04/09/2019,1308.3,15.211,2.934
1023,04/08/2019,1297.1,15.173,2.9295
1024,04/05/2019,1295.6,15.086,2.8945
1025,04/04/2019,1294.3,15.084,2.91
1026,04/03/2019,1295.3,15.102,2.9485
1027,04/02/2019,1295.4,15.061,2.9055
1028,04/01/2019,1294.2,15.099,2.9245
1029,03/29/2019,1298.5,15.11,2.936
1030,03/28/2019,1295.3,14.973,2.8725
1031,03/27/2019,1316.9,15.298,2.863
1032,03/26/2019,1321.4,15.429,2.854
1033,03/25/2019,1329.0,15.567,2.8565
1034,03/22/2019,1318.7,15.407,2.8425
1035,03/21/2019,1313.6,15.437,2.906
1036,03/20/2019,1300.5,15.245,2.9155
1037,03/19/2019,1306.5,15.372,2.923
1038,03/18/2019,1301.5,15.322,2.909
1039,03/15/2019,1302.9,15.324,2.906
1040,03/14/2019,1293.4,15.101,2.8885
1041,03/13/2019,1309.3,15.456,2.9355
1042,03/12/2019,1296.3,15.338,2.9275
1043,03/11/2019,1291.1,15.274,2.901
1044,03/08/2019,1299.3,15.349,2.8935
1045,03/07/2019,1286.1,15.04,2.9105
1046,03/06/2019,1287.6,15.085,2.9185
1047,03/05/2019,1284.7,15.105,2.9335
1048,03/04/2019,1287.5,15.105,2.909
1049,03/01/2019,1299.2,15.256,2.932
1050,02/28/2019,1316.1,15.634,2.948
1051,02/27/2019,1317.7,15.672,2.959
1052,02/26/2019,1328.5,15.926,2.9505
1053,02/25/2019,1329.5,15.928,2.949
1054,02/22/2019,1332.8,16.012,2.948
1055,02/21/2019,1327.8,15.906,2.8985
1056,02/20/2019,1347.9,16.281,2.9205
1057,02/19/2019,1344.8,15.967,2.878
1058,02/15/2019,1322.1,15.743,2.8035
1059,02/14/2019,1313.9,15.528,2.774
1060,02/13/2019,1310.8,15.624,2.774
1061,02/12/2019,1314.0,15.69,2.772
1062,02/11/2019,1307.0,15.657,2.7915
1063,02/08/2019,1318.5,15.809,2.8105
1064,02/07/2019,1314.2,15.713,2.8285
1065,02/06/2019,1314.4,15.701,2.8365
1066,02/05/2019,1319.2,15.836,2.817
1067,02/04/2019,1319.3,15.886,2.7945
1068,02/01/2019,1322.1,15.931,2.773
1069,01/31/2019,1325.2,16.072,2.7845
1070,01/30/2019,1315.5,15.927,2.7675
1071,01/29/2019,1315.2,15.839,2.725
1072,01/28/2019,1309.3,15.765,2.68
1073,01/25/2019,1304.2,15.699,2.729
1074,01/24/2019,1285.9,15.3,2.6445
1075,01/23/2019,1290.2,15.38,2.6545
1076,01/22/2019,1283.4,15.325,2.6595
1077,01/18/2019,1282.6,15.399,2.719
1078,01/17/2019,1292.3,15.536,2.68
1079,01/16/2019,1293.8,15.638,2.6735
1080,01/15/2019,1288.4,15.62,2.6345
1081,01/14/2019,1289.1,15.609,2.6455
1082,01/11/2019,1289.5,15.656,2.662
1083,01/10/2019,1287.4,15.643,2.6375
1084,01/09/2019,1292.0,15.735,2.657
1085,01/08/2019,1285.9,15.713,2.656
1086,01/07/2019,1289.9,15.756,2.637
1087,01/04/2019,1285.8,15.786,2.6475
1088,01/03/2019,1294.8,15.797,2.568
1089,01/02/2019,1284.1,15.649,2.623
1090,12/31/2018,1281.3,15.54,2.631
1091,12/28/2018,1283.0,15.436,2.6815
1092,12/27/2018,1281.1,15.31,2.668
1093,12/26/2018,1273.0,15.123,2.7
1094,12/24/2018,1271.8,14.82,2.661
1095,12/21/2018,1258.1,14.702,2.674
1096,12/20/2018,1267.9,14.869,2.6965
1097,12/19/2018,1256.4,14.818,2.716
1098,12/18/2018,1253.6,14.701,2.6645
1099,12/17/2018,1251.8,14.759,2.7545
1100,12/14/2018,1241.4,14.637,2.7625
1101,12/13/2018,1247.4,14.855,2.767
1102,12/12/2018,1250.0,14.851,2.77
1103,12/11/2018,1247.2,14.628,2.767
1104,12/10/2018,1249.4,14.605,2.72
1105,12/07/2018,1252.6,14.696,2.7595
1106,12/06/2018,1243.6,14.509,2.743
1107,12/05/2018,1242.6,14.582,2.774
1108,12/04/2018,1246.6,14.64,2.759
1109,12/03/2018,1239.6,14.499,2.8095
1110,11/30/2018,1226.0,14.217,2.7875
1111,11/29/2018,1230.4,14.402,2.7895
1112,11/28/2018,1229.8,14.455,2.8135
1113,11/27/2018,1219.9,14.221,2.726
1114,11/26/2018,1228.7,14.343,2.773
1115,11/23/2018,1223.2,14.367,2.7855
1116,11/21/2018,1225.8,14.48,2.7945
1117,11/20/2018,1221.2,14.269,2.7765
1118,11/19/2018,1225.3,14.403,2.8065
1119,11/16/2018,1223.0,14.382,2.81
1120,11/15/2018,1215.0,14.263,2.7465
1121,11/14/2018,1210.1,14.08,2.71
1122,11/13/2018,1199.2,13.952,2.687
1123,11/12/2018,1201.3,13.974,2.678
1124,11/09/2018,1208.6,14.14,2.6845
1125,11/08/2018,1225.1,14.423,2.736
1126,11/07/2018,1228.7,14.569,2.7545
1127,11/06/2018,1226.3,14.5,2.7325
1128,11/05/2018,1232.3,14.647,2.756
1129,11/02/2018,1233.3,14.756,2.807
1130,11/01/2018,1238.6,14.777,2.7215
1131,10/31/2018,1215.0,14.282,2.659
1132,10/30/2018,1225.3,14.462,2.664
1133,10/29/2018,1227.6,14.442,2.7405
1134,10/26/2018,1235.8,14.7,2.741
1135,10/25/2018,1232.4,14.63,2.7545
1136,10/24/2018,1231.1,14.676,2.7575
1137,10/23/2018,1236.8,14.793,2.758
1138,10/22/2018,1224.6,14.587,2.7855
1139,10/19/2018,1228.7,14.65,2.778
1140,10/18/2018,1230.1,14.604,2.7465
1141,10/17/2018,1227.4,14.663,2.778
1142,10/16/2018,1231.0,14.701,2.7795
1143,10/15/2018,1226.4,14.656,2.7805
1144,10/12/2018,1222.0,14.635,2.8005
1145,10/11/2018,1227.6,14.606,2.803
1146,10/10/2018,1193.4,14.326,2.7805
1147,10/09/2018,1191.5,14.4,2.8065
1148,10/08/2018,1184.4,14.259,2.755
1149,10/05/2018,1205.6,14.649,2.763
1150,10/04/2018,1201.6,14.59,2.7775
1151,10/03/2018,1202.9,14.67,2.834
1152,10/02/2018,1207.0,14.693,2.8065
1153,10/01/2018,1191.7,14.507,2.7875
1154,09/28/2018,1196.2,14.712,2.805
1155,09/27/2018,1182.3,14.201,2.7645
1156,09/26/2018,1199.1,14.401,2.828
1157,09/25/2018,1205.1,14.493,2.8235
1158,09/24/2018,1204.4,14.341,2.836
1159,09/21/2018,1201.3,14.359,2.8575
1160,09/20/2018,1211.3,14.305,2.74
1161,09/19/2018,1202.2,14.189,2.71
1162,09/18/2018,1202.9,14.185,2.7305
1163,09/17/2018,1205.8,14.223,2.651
1164,09/14/2018,1201.1,14.142,2.646
1165,09/13/2018,1208.2,14.244,2.683
1166,09/12/2018,1210.9,14.293,2.676
1167,09/11/2018,1202.2,14.153,2.6215
1168,09/10/2018,1199.8,14.181,2.628
1169,09/07/2018,1200.4,14.17,2.6225
1170,09/06/2018,1204.3,14.181,2.6365
1171,09/05/2018,1201.3,14.22,2.61
1172,09/04/2018,1199.1,14.18,2.602
1173,08/31/2018,1206.7,14.557,2.671
1174,08/30/2018,1205.0,14.594,2.7175
1175,08/29/2018,1211.5,14.81,2.7365
1176,08/28/2018,1207.4,14.767,2.734
1177,08/27/2018,1216.0,14.972,2.732
1178,08/24/2018,1213.3,14.901,2.723
1179,08/23/2018,1194.0,14.642,2.6775
1180,08/22/2018,1203.3,14.85,2.6935
1181,08/21/2018,1200.0,14.766,2.7115
1182,08/20/2018,1194.6,14.67,2.686
1183,08/17/2018,1184.2,14.631,2.6475
1184,08/16/2018,1184.0,14.713,2.6165
1185,08/15/2018,1185.0,14.454,2.56
1186,08/14/2018,1193.0,15.025,2.6755
1187,08/13/2018,1198.9,14.982,2.731
1188,08/10/2018,1219.0,15.295,2.7425
1189,08/09/2018,1219.9,15.462,2.7655
1190,08/08/2018,1221.0,15.432,2.751
1191,08/07/2018,1218.3,15.373,2.752
1192,08/06/2018,1208.6,15.292,2.721
1193,08/03/2018,1223.2,15.462,2.7635
1194,08/02/2018,1210.6,15.329,2.727
1195,08/01/2018,1227.6,15.452,2.7475
1196,07/31/2018,1233.6,15.559,2.8315
1197,07/30/2018,1231.5,15.537,2.792
1198,07/27/2018,1232.7,15.493,2.802
1199,07/26/2018,1235.3,15.438,2.804
1200,07/25/2018,1241.0,15.589,2.8175
1201,07/24/2018,1234.6,15.52,2.8105
1202,07/23/2018,1234.4,15.368,2.737
1203,07/20/2018,1231.1,15.549,2.756
1204,07/19/2018,1224.0,15.402,2.6955
1205,07/18/2018,1227.9,15.574,2.76
1206,07/17/2018,1227.3,15.617,2.747
1207,07/16/2018,1239.7,15.735,2.757
1208,07/13/2018,1241.2,15.815,2.7755
1209,07/12/2018,1246.6,15.977,2.777
1210,07/11/2018,1244.4,15.817,2.7435
1211,07/10/2018,1255.4,16.087,2.8395
1212,07/09/2018,1259.6,16.139,2.85
1213,07/06/2018,1255.8,16.069,2.824
1214,07/05/2018,1258.8,16.097,2.826
1215,07/03/2018,1253.5,16.043,2.917
1216,07/02/2018,1241.7,15.835,2.944
1217,06/29/2018,1254.5,16.198,2.966
1218,06/28/2018,1251.0,16.041,2.9715
1219,06/27/2018,1256.1,16.237,3.0075
1220,06/26/2018,1259.9,16.331,3.0155
1221,06/25/2018,1268.9,16.407,3.0095
1222,06/22/2018,1270.7,16.539,3.049
1223,06/21/2018,1270.5,16.326,3.0435
1224,06/20/2018,1274.5,16.309,3.062
1225,06/19/2018,1278.6,16.323,3.07
1226,06/18/2018,1280.1,16.44,3.1065
1227,06/15/2018,1278.5,16.48,3.1445
1228,06/14/2018,1308.3,17.262,3.222
1229,06/13/2018,1301.3,16.991,3.254
1230,06/12/2018,1299.4,16.891,3.2495
1231,06/11/2018,1303.2,16.952,3.257
1232,06/08/2018,1302.7,16.741,3.3
1233,06/07/2018,1303.0,16.815,3.275
1234,06/06/2018,1301.4,16.694,3.262
1235,06/05/2018,1302.2,16.543,3.1985
1236,06/04/2018,1297.3,16.431,3.1345
1237,06/01/2018,1299.3,16.441,3.0985
1238,05/31/2018,1304.7,16.458,3.065
1239,05/30/2018,1306.5,16.544,3.069
1240,05/29/2018,1304.1,16.373,3.0625
1241,05/25/2018,1309.0,16.546,3.0775
1242,05/24/2018,1309.8,16.687,3.096
1243,05/23/2018,1294.8,16.405,3.0705
1244,05/22/2018,1297.4,16.575,3.132
1245,05/21/2018,1290.9,16.52,3.0985
1246,05/18/2018,1291.3,16.455,3.0635
1247,05/17/2018,1289.4,16.481,3.089
1248,05/16/2018,1291.5,16.371,3.0705
1249,05/15/2018,1290.3,16.269,3.056
1250,05/14/2018,1318.2,16.645,3.093
1251,05/11/2018,1320.7,16.752,3.1115
1252,05/10/2018,1322.3,16.759,3.11
1253,05/09/2018,1313.0,16.539,3.0575
1254,05/08/2018,1313.7,16.472,3.059
1255,05/07/2018,1314.1,16.495,3.079
1256,05/04/2018,1314.7,16.519,3.0855
1257,05/03/2018,1312.7,16.447,3.0805
1258,05/02/2018,1305.6,16.375,3.0685
1259,05/01/2018,1306.8,16.127,3.0375
